match-id,slug,competition,edition,md,stage,group,sec,datetime-local,home,home_key,away,away_key,stadium,home_score,away_score,home_score_pk,away_score_pk,mom,mom_team,note,updated_at
WC-2026-MD001,mexico-vs-south-africa,WC,2026,MD001,Group-Phase,A,第１節,6/12(金)04:00,メキシコ,mexico,南アフリカ共和国,south-africa,エスタディオ・アステカ・メキシコシティー,2,0,,,フリアン・キニョネス,メキシコ,,2026/6/12
WC-2026-MD002,south-korea-vs-czechia,WC,2026,MD002,Group-Phase,A,第１節,6/12(金)11:00,韓国,south-korea,チェコ,czechia,エスタディオ・グアダラハラ,2,1,,,黄仁範（ファン・インボム）,韓国,,2026/6/12
WC-2026-MD003,canada-vs-bosnia-and-herzegovina,WC,2026,MD003,Group-Phase,B,第１節,6/13(土)04:00,カナダ,canada,ボスニア・ヘルツェゴビナ,bosnia-and-herzegovina,トロントスタジアム,1,1,,,イスマエル・コネ,カナダ,,2026/6/13
WC-2026-MD004,usa-vs-paraguay,WC,2026,MD004,Group-Phase,D,第１節,6/13(土)10:00,アメリカ,usa,パラグアイ,paraguay,ロサンゼルススタジアム,4,1,,,フォラリン・バログン,アメリカ,,2026/6/13
WC-2026-MD005,qatar-vs-switzerland,WC,2026,MD005,Group-Phase,B,第１節,6/14(日)04:00,カタール,qatar,スイス,switzerland,サンフランシスコベイエリアスタジアム,1,1,,,マフムード・アブーナダ,カタール,,2026/6/14
WC-2026-MD006,brazil-vs-morocco,WC,2026,MD006,Group-Phase,C,第１節,6/14(日)07:00,ブラジル,brazil,モロッコ,morocco,ニューヨーク/ニュージャージースタジアム,1,1,,,ヴィニシウス・ジュニオール,ブラジル,,2026/6/14
WC-2026-MD007,haiti-vs-scotland,WC,2026,MD007,Group-Phase,C,第１節,6/14(日)10:00,ハイチ,haiti,スコットランド,scotland,ボストンスタジアム,0,1,,,ジョン・マッギン,スコットランド,,2026/6/14
WC-2026-MD008,australia-vs-turkey,WC,2026,MD008,Group-Phase,D,第１節,6/14(日)13:00,オーストラリア,australia,トルコ,turkey,BCプレイスバンクーバー,2,0,,,ネストリ・イランクンダ,オーストラリア,,2026/6/14
WC-2026-MD009,germany-vs-curacao,WC,2026,MD009,Group-Phase,E,第１節,6/15(月)02:00,ドイツ,germany,キュラソー,curacao,ヒューストンスタジアム,7,1,,,カイ・ハフェルツ,ドイツ,,2026/6/15
WC-2026-MD010,netherlands-vs-japan,WC,2026,MD010,Group-Phase,F,第１節,6/15(月)05:00,オランダ,netherlands,日本,japan,ダラススタジアム,2,2,,,フィルジル・ファン・ダイク,オランダ,,2026/6/15
WC-2026-MD011,cote-divoire-vs-ecuador,WC,2026,MD011,Group-Phase,E,第１節,6/15(月)08:00,コートジボワール,cote-divoire,エクアドル,ecuador,フィラデルフィアスタジアム,1,0,,,ヤン・ディオマンデ,コートジボワール,,2026/6/15
WC-2026-MD012,sweden-vs-tunisia,WC,2026,MD012,Group-Phase,F,第１節,6/15(月)11:00,スウェーデン,sweden,チュニジア,tunisia,エスタディオ・モンテレイ,5,1,,,アレクサンデル・イサク,スウェーデン,,2026/6/15
WC-2026-MD013,spain-vs-cape-verde,WC,2026,MD013,Group-Phase,H,第１節,6/16(火)01:00,スペイン,spain,カーボベルデ,cape-verde,アトランタスタジアム,0,0,,,ジョジマール・ディアス,カーボベルデ,,2026/6/16
WC-2026-MD014,belgium-vs-egypt,WC,2026,MD014,Group-Phase,G,第１節,6/16(火)04:00,ベルギー,belgium,エジプト,egypt,シアトルスタジアム,1,1,,,エマム・アシュール,エジプト,,2026/6/16
WC-2026-MD015,saudi-arabia-vs-uruguay,WC,2026,MD015,Group-Phase,H,第１節,6/16(火)07:00,サウジアラビア,saudi-arabia,ウルグアイ,uruguay,マイアミスタジアム,1,1,,,フェデリコ・バルベルデ,ウルグアイ,,2026/6/16
WC-2026-MD016,iran-vs-new-zealand,WC,2026,MD016,Group-Phase,G,第１節,6/16(火)10:00,イラン,iran,ニュージーランド,new-zealand,ロサンゼルススタジアム,2,2,,,ラーミーン・レザーイヤーン,イラン,,2026/6/16
WC-2026-MD017,france-vs-senegal,WC,2026,MD017,Group-Phase,I,第１節,6/17(水)04:00,フランス,france,セネガル,senegal,ニューヨーク/ニュージャージースタジアム,3,1,,,ミカエル・オリーズ,フランス,,2026/6/17
WC-2026-MD018,iraq-vs-norway,WC,2026,MD018,Group-Phase,I,第１節,6/17(水)07:00,イラク,iraq,ノルウェー,norway,ボストンスタジアム,1,4,,,エルリング・ブラウト・ホランド,ノルウェー,,2026/6/17
WC-2026-MD019,argentina-vs-algeria,WC,2026,MD019,Group-Phase,J,第１節,6/17(水)10:00,アルゼンチン,argentina,アルジェリア,algeria,カンザスシティースタジアム,3,0,,,リオネル・メッシ,アルゼンチン,,2026/6/17
WC-2026-MD020,austria-vs-jordan,WC,2026,MD020,Group-Phase,J,第１節,6/17(水)13:00,オーストリア,austria,ヨルダン,jordan,サンフランシスコベイエリアスタジアム,3,1,,,アリ・オルワン,ヨルダン,,2026/6/17
WC-2026-MD021,portugal-vs-dr-congo,WC,2026,MD021,Group-Phase,K,第１節,6/18(木)02:00,ポルトガル,portugal,コンゴ民主共和国,dr-congo,ヒューストンスタジアム,1,1,,,ジョアン・ネヴィス,ポルトガル,,2026/6/18
WC-2026-MD022,england-vs-croatia,WC,2026,MD022,Group-Phase,L,第１節,6/18(木)05:00,イングランド,england,クロアチア,croatia,ダラススタジアム,4,2,,,ハリー・ケイン,イングランド,,2026/6/18
WC-2026-MD023,ghana-vs-panama,WC,2026,MD023,Group-Phase,L,第１節,6/18(木)08:00,ガーナ,ghana,パナマ,panama,トロントスタジアム,1,0,,,アントワーヌ・セメニョ,ガーナ,,2026/6/18
WC-2026-MD024,uzbekistan-vs-colombia,WC,2026,MD024,Group-Phase,K,第１節,6/18(木)11:00,ウズベキスタン,uzbekistan,コロンビア,colombia,エスタディオ・アステカ・メキシコシティー,1,3,,,ルイス・ディアス,コロンビア,,2026/6/18
WC-2026-MD025,czechia-vs-south-africa,WC,2026,MD025,Group-Phase,A,第２節,6/19(金)01:00,チェコ,czechia,南アフリカ共和国,south-africa,アトランタスタジアム,1,1,,,クレイチー,チェコ,,2026/6/19
WC-2026-MD026,switzerland-vs-bosnia-and-herzegovina,WC,2026,MD026,Group-Phase,B,第２節,6/19(金)04:00,スイス,switzerland,ボスニア・ヘルツェゴビナ,bosnia-and-herzegovina,ロサンゼルススタジアム,4,1,,,ヨハン・マンザンビ,スイス,,2026/6/19
WC-2026-MD027,canada-vs-qatar,WC,2026,MD027,Group-Phase,B,第２節,6/19(金)07:00,カナダ,canada,カタール,qatar,BCプレイスバンクーバー,6,0,,,ジョナサン・デイヴィッド,カナダ,,2026/6/19
WC-2026-MD028,mexico-vs-south-korea,WC,2026,MD028,Group-Phase,A,第２節,6/19(金)10:00,メキシコ,mexico,韓国,south-korea,エスタディオ・グアダラハラ,1,0,,,ルイス・ロモ,メキシコ,,2026/6/19
WC-2026-MD029,usa-vs-australia,WC,2026,MD029,Group-Phase,D,第２節,6/20(土)04:00,アメリカ,usa,オーストラリア,australia,シアトルスタジアム,2,0,,,フォラリン・バログン,アメリカ,,2026/6/20
WC-2026-MD030,scotland-vs-morocco,WC,2026,MD030,Group-Phase,C,第２節,6/20(土)07:00,スコットランド,scotland,モロッコ,morocco,ボストンスタジアム,0,1,,,イスマエル・サイバリ,モロッコ,,2026/6/20
WC-2026-MD031,brazil-vs-haiti,WC,2026,MD031,Group-Phase,C,第２節,6/20(土)09:30,ブラジル,brazil,ハイチ,haiti,フィラデルフィアスタジアム,3,0,,,ヴィニシウス・ジュニオール,ブラジル,,2026/6/20
WC-2026-MD032,turkey-vs-paraguay,WC,2026,MD032,Group-Phase,D,第２節,6/20(土)12:00,トルコ,turkey,パラグアイ,paraguay,サンフランシスコベイエリアスタジアム,0,1,,,マティアス・ガラルサ,パラグアイ,,2026/6/20
WC-2026-MD033,netherlands-vs-sweden,WC,2026,MD033,Group-Phase,F,第２節,6/21(日)02:00,オランダ,netherlands,スウェーデン,sweden,ヒューストンスタジアム,5,1,,,コーディ・ガクポ,オランダ,,2026/6/21
WC-2026-MD034,germany-vs-cote-divoire,WC,2026,MD034,Group-Phase,E,第２節,6/21(日)05:00,ドイツ,germany,コートジボワール,cote-divoire,トロントスタジアム,2,1,,,デニス・ウンダフ,ドイツ,,2026/6/21
WC-2026-MD035,ecuador-vs-curacao,WC,2026,MD035,Group-Phase,E,第２節,6/21(日)09:00,エクアドル,ecuador,キュラソー,curacao,カンザスシティースタジアム,0,0,,,エロイ・ローム,キュラソー,,2026/6/21
WC-2026-MD036,tunisia-vs-japan,WC,2026,MD036,Group-Phase,F,第２節,6/21(日)13:00,チュニジア,tunisia,日本,japan,エスタディオ・モンテレイ,0,4,,,上田綺世,日本,,2026/6/21
WC-2026-MD037,spain-vs-saudi-arabia,WC,2026,MD037,Group-Phase,H,第２節,6/22(月)01:00,スペイン,spain,サウジアラビア,saudi-arabia,アトランタスタジアム,4,0,,,ミケル・オヤルサバル,スペイン,,2026/6/22
WC-2026-MD038,belgium-vs-iran,WC,2026,MD038,Group-Phase,G,第２節,6/22(月)04:00,ベルギー,belgium,イラン,iran,ロサンゼルススタジアム,0,0,,,アリレザ・ベイランヴァンド,イラン,,2026/6/22
WC-2026-MD039,uruguay-vs-cape-verde,WC,2026,MD039,Group-Phase,H,第２節,6/22(月)07:00,ウルグアイ,uruguay,カーボベルデ,cape-verde,マイアミスタジアム,2,2,,,ケヴィン・レニニ,カーボベルデ,,2026/6/22
WC-2026-MD040,new-zealand-vs-egypt,WC,2026,MD040,Group-Phase,G,第２節,6/22(月)10:00,ニュージーランド,new-zealand,エジプト,egypt,BCプレイスバンクーバー,1,3,,,モハメド・サラー,エジプト,,2026/6/22
WC-2026-MD041,argentina-vs-austria,WC,2026,MD041,Group-Phase,J,第２節,6/23(火)02:00,アルゼンチン,argentina,オーストリア,austria,ダラススタジアム,2,0,,,リオネル・メッシ,アルゼンチン,,2026/6/23
WC-2026-MD042,france-vs-iraq,WC,2026,MD042,Group-Phase,I,第２節,6/23(火)06:00,フランス,france,イラク,iraq,フィラデルフィアスタジアム,3,0,,,キリアン・エムバペ,フランス,,2026/6/23
WC-2026-MD043,norway-vs-senegal,WC,2026,MD043,Group-Phase,I,第２節,6/23(火)09:00,ノルウェー,norway,セネガル,senegal,ニューヨーク/ニュージャージースタジアム,3,2,,,エルリング・ブラウト・ホランド,ノルウェー,,2026/6/23
WC-2026-MD044,jordan-vs-algeria,WC,2026,MD044,Group-Phase,J,第２節,6/23(火)12:00,ヨルダン,jordan,アルジェリア,algeria,サンフランシスコベイエリアスタジアム,1,2,,,イブラヒム・マーサ,アルジェリア,,2026/6/23
WC-2026-MD045,portugal-vs-uzbekistan,WC,2026,MD045,Group-Phase,K,第２節,6/24(水)02:00,ポルトガル,portugal,ウズベキスタン,uzbekistan,ヒューストンスタジアム,5,0,,,クリスティアーノ・ロナウド,ポルトガル,,2026/6/24
WC-2026-MD046,england-vs-ghana,WC,2026,MD046,Group-Phase,L,第２節,6/24(水)05:00,イングランド,england,ガーナ,ghana,ボストンスタジアム,0,0,,,ジュード・ベリンガム,イングランド,,2026/6/24
WC-2026-MD047,panama-vs-croatia,WC,2026,MD047,Group-Phase,L,第２節,6/24(水)08:00,パナマ,panama,クロアチア,croatia,トロントスタジアム,0,1,,,クリスティアン・マルティネス,パナマ,,2026/6/24
WC-2026-MD048,colombia-vs-dr-congo,WC,2026,MD048,Group-Phase,K,第２節,6/24(水)11:00,コロンビア,colombia,コンゴ民主共和国,dr-congo,エスタディオ・グアダラハラ,1,0,,,ダニエル・ムニョス,コロンビア,,2026/6/24
WC-2026-MD049,switzerland-vs-canada,WC,2026,MD049,Group-Phase,B,第３節,6/25(木)04:00,スイス,switzerland,カナダ,canada,BCプレイスバンクーバー,2,1,,,ヨハン・マンザンビ,スイス,,2026/6/25
WC-2026-MD050,bosnia-and-herzegovina-vs-qatar,WC,2026,MD050,Group-Phase,B,第３節,6/25(木)04:00,ボスニア・ヘルツェゴビナ,bosnia-and-herzegovina,カタール,qatar,シアトルスタジアム,3,1,,,ケリム・アライベゴヴィッチ,ボスニア・ヘルツェゴビナ,,2026/6/25
WC-2026-MD051,scotland-vs-brazil,WC,2026,MD051,Group-Phase,C,第３節,6/25(木)07:00,スコットランド,scotland,ブラジル,brazil,マイアミスタジアム,0,3,,,ヴィニシウス・ジュニオール,ブラジル,,2026/6/25
WC-2026-MD052,morocco-vs-haiti,WC,2026,MD052,Group-Phase,C,第３節,6/25(木)07:00,モロッコ,morocco,ハイチ,haiti,アトランタスタジアム,4,2,,,アクラフ・ハキミ,モロッコ,,2026/6/25
WC-2026-MD053,czechia-vs-mexico,WC,2026,MD053,Group-Phase,A,第３節,6/25(木)10:00,チェコ,czechia,メキシコ,mexico,エスタディオ・アステカ・メキシコシティー,0,3,,,マテオ・チャベス,メキシコ,,2026/6/25
WC-2026-MD054,south-africa-vs-south-korea,WC,2026,MD054,Group-Phase,A,第３節,6/25(木)10:00,南アフリカ共和国,south-africa,韓国,south-korea,エスタディオ・モンテレイ,1,0,,,タペロ・マセコ,南アフリカ共和国,,2026/6/25
WC-2026-MD055,curacao-vs-cote-divoire,WC,2026,MD055,Group-Phase,E,第３節,6/26(金)05:00,キュラソー,curacao,コートジボワール,cote-divoire,フィラデルフィアスタジアム,0,2,,,ニコラ・ペペ,コートジボワール,,2026/6/26
WC-2026-MD056,ecuador-vs-germany,WC,2026,MD056,Group-Phase,E,第３節,6/26(金)05:00,エクアドル,ecuador,ドイツ,germany,ニューヨーク/ニュージャージースタジアム,2,1,,,ニルソン・アングロ,エクアドル,,2026/6/26
WC-2026-MD057,japan-vs-sweden,WC,2026,MD057,Group-Phase,F,第３節,6/26(金)08:00,日本,japan,スウェーデン,sweden,ダラススタジアム,1,1,,,アンソニー・エランガ,スウェーデン,,2026/6/26
WC-2026-MD058,tunisia-vs-netherlands,WC,2026,MD058,Group-Phase,F,第３節,6/26(金)08:00,チュニジア,tunisia,オランダ,netherlands,カンザスシティースタジアム,1,3,,,ブライアン・ブロビー,オランダ,,2026/6/26
WC-2026-MD059,turkey-vs-usa,WC,2026,MD059,Group-Phase,D,第３節,6/26(金)11:00,トルコ,turkey,アメリカ,usa,ロサンゼルススタジアム,3,2,,,アルダ・ギュレル,トルコ,,2026/6/26
WC-2026-MD060,paraguay-vs-australia,WC,2026,MD060,Group-Phase,D,第３節,6/26(金)11:00,パラグアイ,paraguay,オーストラリア,australia,サンフランシスコベイエリアスタジアム,0,0,,,エイデン・オニール,オーストラリア,,2026/6/26
WC-2026-MD061,norway-vs-france,WC,2026,MD061,Group-Phase,I,第３節,6/27(土)04:00,ノルウェー,norway,フランス,france,ボストンスタジアム,1,4,,,ウスマン・デンベレ,フランス,,2026/6/27
WC-2026-MD062,senegal-vs-iraq,WC,2026,MD062,Group-Phase,I,第３節,6/27(土)04:00,セネガル,senegal,イラク,iraq,トロントスタジアム,5,0,,,パプ・ゲイェ,セネガル,,2026/6/27
WC-2026-MD063,cape-verde-vs-saudi-arabia,WC,2026,MD063,Group-Phase,H,第３節,6/27(土)09:00,カーボベルデ,cape-verde,サウジアラビア,saudi-arabia,ヒューストンスタジアム,0,0,,,デロイ・ドゥアルテ,カーボベルデ,,2026/6/27
WC-2026-MD064,uruguay-vs-spain,WC,2026,MD064,Group-Phase,H,第３節,6/27(土)09:00,ウルグアイ,uruguay,スペイン,spain,エスタディオ・グアダラハラ,0,1,,,アレックス・バエナ,スペイン,,2026/6/27
WC-2026-MD065,egypt-vs-iran,WC,2026,MD065,Group-Phase,G,第３節,6/27(土)12:00,エジプト,egypt,イラン,iran,シアトルスタジアム,1,1,,,ラーミーン・レザーイヤーン,イラン,,2026/6/27
WC-2026-MD066,new-zealand-vs-belgium,WC,2026,MD066,Group-Phase,G,第３節,6/27(土)12:00,ニュージーランド,new-zealand,ベルギー,belgium,BCプレイスバンクーバー,1,5,,,レアンドロ・トロサール,ベルギー,,2026/6/27
WC-2026-MD067,panama-vs-england,WC,2026,MD067,Group-Phase,L,第３節,6/28(日)06:00,パナマ,panama,イングランド,england,ニューヨーク/ニュージャージースタジアム,0,2,,,ジュード・ベリンガム,イングランド,,2026/6/28
WC-2026-MD068,croatia-vs-ghana,WC,2026,MD068,Group-Phase,L,第３節,6/28(日)06:00,クロアチア,croatia,ガーナ,ghana,フィラデルフィアスタジアム,2,1,,,ペタル・スチッチ,クロアチア,,2026/6/28
WC-2026-MD069,colombia-vs-portugal,WC,2026,MD069,Group-Phase,K,第３節,6/28(日)08:30,コロンビア,colombia,ポルトガル,portugal,マイアミスタジアム,0,0,,,ディオゴ・コスタ,ポルトガル,,2026/6/28
WC-2026-MD070,dr-congo-vs-uzbekistan,WC,2026,MD070,Group-Phase,K,第３節,6/28(日)08:30,コンゴ民主共和国,dr-congo,ウズベキスタン,uzbekistan,アトランタスタジアム,3,1,,,ヨアヌ・ウィサ,コンゴ民主共和国,,2026/6/28
WC-2026-MD071,algeria-vs-austria,WC,2026,MD071,Group-Phase,J,第３節,6/28(日)11:00,アルジェリア,algeria,オーストリア,austria,カンザスシティースタジアム,3,3,,,リヤド・マフレズ,アルジェリア,,2026/6/28
WC-2026-MD072,jordan-vs-argentina,WC,2026,MD072,Group-Phase,J,第３節,6/28(日)11:00,ヨルダン,jordan,アルゼンチン,argentina,ダラススタジアム,1,3,,,ジオヴァニ・ロ・チェルソ,アルゼンチン,,2026/6/28
WC-2026-MD073,south-africa-vs-canada,WC,2026,MD073,Round32,,,6/29(月)04:00,南アフリカ共和国,south-africa,カナダ,canada,ロサンゼルススタジアム,0,1,,,ステファン・エウスタキオ,カナダ,A2 | 南アフリカ共和国 vs B2 | カナダ,2026/6/29
WC-2026-MD074,brazil-vs-japan,WC,2026,MD074,Round32,,,6/30(火)02:00,ブラジル,brazil,日本,japan,ヒューストンスタジアム,2,1,,,カゼミーロ,ブラジル,C1 | ブラジル vs F2 | 日本,2026/6/30
WC-2026-MD075,germany-vs-paraguay,WC,2026,MD075,Round32,,,6/30(火)05:30,ドイツ,germany,パラグアイ,paraguay,ボストンスタジアム,1,1,3,4,オーランド・ギル,パラグアイ,E1 | ドイツ vs ABC/D3/F | パラグアイ,2026/6/30
WC-2026-MD076,netherlands-vs-morocco,WC,2026,MD076,Round32,,,6/30(火)10:00,オランダ,netherlands,モロッコ,morocco,エスタディオ・モンテレイ,1,1,2,3,イッサ・ディオプ,モロッコ,F1 | オランダ vs C2 | モロッコ,2026/6/30
WC-2026-MD077,cote-divoire-vs-norway,WC,2026,MD077,Round32,,,7/1(水)02:00,コートジボワール,,ノルウェー,,ダラススタジアム,1,2,,,アントニオ・ヌサ,ノルウェー,E2 | コートジボワール vs I2 | ノルウェー,2026/7/1
WC-2026-MD078,france-vs-sweden,WC,2026,MD078,Round32,,,7/1(水)06:00,フランス,,スウェーデン,,ニューヨーク/ニュージャージースタジアム,3,0,,,キリアン・エムバペ,フランス,I1 | フランス vs CD/F3/GH | スウェーデン,2026/7/1
WC-2026-MD079,mexico-vs-ecuador,WC,2026,MD079,Round32,,,7/1(水)10:00,メキシコ,,エクアドル,,エスタディオ・アステカ・メキシコシティー,2,0,,,フリアン・キニョネス,メキシコ,A1 | メキシコ vs C/E3/FHI | エクアドル,2026/7/1
WC-2026-MD080,england-vs-dr-congo,WC,2026,MD080,Round32,,,7/2(木)01:00,イングランド,,コンゴ民主共和国,,アトランタスタジアム,2,1,,,ハリー・ケイン,イングランド,L1 | イングランド vs EHIJ/K3 | コンゴ民主共和国,2026/7/2
WC-2026-MD081,belgium-vs-senegal,WC,2026,MD081,Round32,,,7/2(木)05:00,ベルギー,,セネガル,,シアトルスタジアム,3,2,,,ユーリ・ティーレマンス,ベルギー,G1 | ベルギー vs AEH/I3/J | セネガル,2026/7/2
WC-2026-MD082,usa-vs-bosnia-and-herzegovina,WC,2026,MD082,Round32,,,7/2(木)09:00,アメリカ,,ボスニア・ヘルツェゴビナ,,サンフランシスコベイエリアスタジアム,2,0,,,マリク・ティルマン,アメリカ,D1 | アメリカ vs B3/EFIJ | ボスニア・ヘルツェゴビナ,2026/7/2
WC-2026-MD083,spain-vs-austria,WC,2026,MD083,Round32,,,7/3(金)04:00,スペイン,,オーストリア,,ロサンゼルススタジアム,3,0,,,ラミン・ヤマル ,スペイン,H1 | スペイン vs J2 | オーストリア,2026/7/3
WC-2026-MD084,portugal-vs-croatia,WC,2026,MD084,Round32,,,7/3(金)08:00,ポルトガル,,クロアチア,,トロントスタジアム,2,1,,,クリスティアーノ・ロナウド,ポルトガル,K2 | ポルトガル vs L2 | クロアチア,2026/7/3
WC-2026-MD085,switzerland-vs-algeria,WC,2026,MD085,Round32,,,7/3(金)12:00,スイス,switzerland,アルジェリア,,BCプレイスバンクーバー,2,0,,,ブレール・エンボロ,スイス,B1 | スイス vs EFGI/J3 | アルジェリア,2026/7/3
WC-2026-MD086,australia-vs-egypt,WC,2026,MD086,Round32,,,7/4(土)03:00,オーストラリア,,エジプト,,ダラススタジアム,1,1,2,4,モハメド・サラー,エジプト,D2 | オーストラリア vs G2 | エジプト,2026/7/4
WC-2026-MD087,argentina-vs-cape-verde,WC,2026,MD087,Round32,,,7/4(土)07:00,アルゼンチン,,カーボベルデ,,マイアミスタジアム,3,2,,,リオネル・メッシ,アルゼンチン,J1 | アルゼンチン vs H2 | カーボベルデ,2026/7/4
WC-2026-MD088,colombia-vs-ghana,WC,2026,MD088,Round32,,,7/4(土)10:30,コロンビア,,ガーナ,,カンザスシティースタジアム,1,0,,,ルイス・ディアス,コロンビア,K1 | コロンビア vs DEIJ/L3 | ガーナ,2026/7/4
WC-2026-MD089,canada-vs-morocco,WC,2026,MD089,Round16,,,7/5(日)02:00,カナダ,,モロッコ,,ヒューストンスタジアム,0,3,,,アゼディン・ウナヒ,モロッコ,,2026/7/5
WC-2026-MD090,paraguay-vs-france,WC,2026,MD090,Round16,,,7/5(日)06:00,パラグアイ,,フランス,,フィラデルフィアスタジアム,0,1,,,オーランド・ギル,パラグアイ,,2026/7/5
WC-2026-MD091,brazil-vs-norway,WC,2026,MD091,Round16,,,7/6(月)05:00,ブラジル,,ノルウェー,,ニューヨーク/ニュージャージースタジアム,1,2,,,エルリング・ブラウト・ホランド,ノルウェー,,2026/7/6
WC-2026-MD092,mexico-vs-england,WC,2026,MD092,Round16,,,7/6(月)09:00,メキシコ,,イングランド,,エスタディオ・アステカ・メキシコシティー,2,3,,,ジュード・ベリンガム,イングランド,,2026/7/6
WC-2026-MD093,portugal-vs-spain,WC,2026,MD093,Round16,,,7/7(火)04:00,ポルトガル,,スペイン,,ダラススタジアム,0,1,,,ロドリ,スペイン,,2026/7/7
WC-2026-MD094,usa-vs-belgium,WC,2026,MD094,Round16,,,7/7(火)09:00,アメリカ,,ベルギー,,シアトルスタジアム,1,4,,,シャルル・デ・ケテラーレ,ベルギー,,2026/7/7
WC-2026-MD095,argentina-vs-egypt,WC,2026,MD095,Round16,,,7/8(水)01:00,アルゼンチン,,エジプト,,アトランタスタジアム,3,2,,,リオネル・メッシ,アルゼンチン,,2026/7/8
WC-2026-MD096,switzerland-vs-colombia,WC,2026,MD096,Round16,,,7/8(水)05:00,スイス,,コロンビア,,BCプレイスバンクーバー,0,0,4,3,グレゴール・コベル,スイス,,2026/7/8
WC-2026-MD097,france-vs-morocco,WC,2026,MD097,Quarter-Finals,,,7/10(金)05:00,フランス,,モロッコ,,ボストンスタジアム,2,0,,,キリアン・エムバペ,フランス,,2026/7/10
WC-2026-MD098,spain-vs-belgium,WC,2026,MD098,Quarter-Finals,,,7/11(土)04:00,スペイン,,ベルギー,,ロサンゼルススタジアム,2,1,,,ラミン・ヤマル ,スペイン,,2026/7/11
WC-2026-MD099,norway-vs-england,WC,2026,MD099,Quarter-Finals,,,7/12(日)06:00,ノルウェー,,イングランド,,マイアミスタジアム,1,2,,,ジュード・ベリンガム,イングランド,,2026/7/12
WC-2026-MD100,argentina-vs-switzerland,WC,2026,MD100,Quarter-Finals,,,7/12(日)10:00,アルゼンチン,,スイス,,カンザスシティースタジアム,3,1,,,フリアン・アルバレス,アルゼンチン,,2026/7/12
WC-2026-MD101,france-vs-spain,WC,2026,MD101,Semi-Finals,,,7/15(水)04:00,フランス,,スペイン,,ダラススタジアム,0,2,,,ペドロ・ポロ,スペイン,,2026/7/15
WC-2026-MD102,england-vs-argentina,WC,2026,MD102,Semi-Finals,,,7/16(木)04:00,イングランド,,アルゼンチン,,アトランタスタジアム,1,2,,,リオネル・メッシ,アルゼンチン,,2026/7/16
WC-2026-MD103,france-vs-england,WC,2026,MD103,Third-Place,,,7/19(日)06:00,フランス,,イングランド,,マイアミスタジアム,4,6,,,ブカヨ・サカ,イングランド,,2026/7/19
WC-2026-MD104,spain-vs-argentina,WC,2026,MD104,Final,,,7/20(月)04:00,スペイン,,アルゼンチン,,ニューヨーク/ニュージャージースタジアム,1,0,,,フェラン・トーレス,スペイン,,2026/7/20
,,,,,,,,,,,,,,,,,,,,,
WC-2022-MD001,qatar-vs-ecuador,WC,2022,MD001,Group-Phase,A,第１節,11/20(日)19:00,カタール,qatar,エクアドル,ecuador,アル・バイト・スタジアム,0,2,,,エネル・バレンシア,ecuador,,2026/3/9
WC-2022-MD002,senegal-vs-netherlands,WC,2022,MD002,Group-Phase,A,第１節,11/21(月)19:00,セネガル,senegal,オランダ,netherlands,アル・トゥマーマ・スタジアム,0,2,,,コーディ・ガクポ,netherlands,,2026/3/9
WC-2022-MD003,qatar-vs-senegal,WC,2022,MD003,Group-Phase,A,第２節,11/25(金)16:00,カタール,qatar,セネガル,senegal,アル・トゥマーマ・スタジアム,1,3,,,ブライユ・ディア,senegal,,2026/3/9
WC-2022-MD004,netherlands-vs-ecuador,WC,2022,MD004,Group-Phase,A,第２節,11/25(金)19:00,オランダ,netherlands,エクアドル,ecuador,ハリーファ国際スタジアム,1,1,,,フレンキー・デ・ヨング,netherlands,,2026/3/9
WC-2022-MD005,ecuador-vs-senegal,WC,2022,MD005,Group-Phase,A,第３節,11/29(火)18:00,エクアドル,ecuador,セネガル,senegal,ハリーファ国際スタジアム,1,2,,,カリドゥ・クリバリ,senegal,,2026/3/9
WC-2022-MD006,netherlands-vs-qatar,WC,2022,MD006,Group-Phase,A,第３節,11/29(火)18:00,オランダ,netherlands,カタール,qatar,アル・バイト・スタジアム,2,0,,,ダヴィ・クラーセン,netherlands,,2026/3/9
WC-2022-MD007,england-vs-iran,WC,2022,MD007,Group-Phase,B,第１節,11/21(月)16:00,イングランド,england,イラン,iran,ハリーファ国際スタジアム,6,2,,,"ブカヨ・サカ
",england,,2026/3/9
WC-2022-MD008,usa-vs-wales,WC,2022,MD008,Group-Phase,B,第１節,11/21(月)22:00,アメリカ,usa,ウェールズ,wales,アフメド・ビン＝アリー・スタジアム,1,1,,,ガレス・ベイル,wales,,2026/3/9
WC-2022-MD009,wales-vs-iran,WC,2022,MD009,Group-Phase,B,第２節,11/25(金)13:00,ウェールズ,wales,イラン,iran,アフメド・ビン＝アリー・スタジアム,0,2,,,ルーズベー・チェシュミ,iran,,2026/3/9
WC-2022-MD010,england-vs-usa,WC,2022,MD010,Group-Phase,B,第２節,11/25(金)22:00,イングランド,england,アメリカ,usa,アル・バイト・スタジアム,0,0,,,クリスチャン・プリシッチ,usa,,2026/3/9
WC-2022-MD011,wales-vs-england,WC,2022,MD011,Group-Phase,B,第３節,11/29(火)22:00,ウェールズ,wales,イングランド,england,アフメド・ビン＝アリー・スタジアム,0,3,,,マーカス・ラッシュフォード,england,,2026/3/9
WC-2022-MD012,iran-vs-usa,WC,2022,MD012,Group-Phase,B,第３節,11/29(火)22:00,イラン,iran,アメリカ,usa,アル・トゥマーマ・スタジアム,0,1,,,クリスチャン・プリシッチ,usa,,2026/3/9
WC-2022-MD013,argentina-vs-saudi-arabia,WC,2022,MD013,Group-Phase,C,第１節,11/22(火)13:00,アルゼンチン,argentina,サウジアラビア,saudi-arabia,ルサイル・アイコニック・スタジアム,1,2,,,モハメド・アル・オワイス,saudi-arabia,,2026/3/9
WC-2022-MD014,mexico-vs-poland,WC,2022,MD014,Group-Phase,C,第１節,11/22(火)19:00,メキシコ,mexico,ポーランド,poland,スタジアム974,0,0,,,ギジェルモ・オチョア,mexico,,2026/3/9
WC-2022-MD015,poland-vs-saudi-arabia,WC,2022,MD015,Group-Phase,C,第２節,11/26(土)16:00,ポーランド,poland,サウジアラビア,saudi-arabia,エデュケーション・シティ・スタジアム,2,0,,,ロベルト・レヴァンドフスキ,poland,,2026/3/9
WC-2022-MD016,argentina-vs-mexico,WC,2022,MD016,Group-Phase,C,第２節,11/26(土)22:00,アルゼンチン,argentina,メキシコ,mexico,ルサイル・アイコニック・スタジアム,2,0,,,リオネル・メッシ,argentina,,2026/3/9
WC-2022-MD017,poland-vs-argentina,WC,2022,MD017,Group-Phase,C,第３節,11/30(水)22:00,ポーランド,poland,アルゼンチン,argentina,スタジアム974,0,2,,,アレクシス・マック・アリスター,argentina,,2026/3/9
WC-2022-MD018,saudi-arabia-vs-mexico,WC,2022,MD018,Group-Phase,C,第３節,11/30(水)22:00,サウジアラビア,saudi-arabia,メキシコ,mexico,ルサイル・アイコニック・スタジアム,1,2,,,ルイス・チャベス,mexico,,2026/3/9
WC-2022-MD019,denmark-vs-tunisia,WC,2022,MD019,Group-Phase,D,第１節,11/22(火)16:00,デンマーク,denmark,チュニジア,tunisia,エデュケーション・シティ・スタジアム,0,0,,,アイサ・ライドゥニ,tunisia,,2026/3/9
WC-2022-MD020,france-vs-australia,WC,2022,MD020,Group-Phase,D,第１節,11/22(火)22:00,フランス,france,オーストラリア,australia,アル・ジャヌーブ・スタジアム,4,1,,,キリアン・エムバペ,france,,2026/3/9
WC-2022-MD021,tunisia-vs-australia,WC,2022,MD021,Group-Phase,D,第２節,11/26(土)13:00,チュニジア,tunisia,オーストラリア,australia,アル・ジャヌーブ・スタジアム,0,1,,,ミッシェル・デューク,australia,,2026/3/9
WC-2022-MD022,france-vs-denmark,WC,2022,MD022,Group-Phase,D,第２節,11/26(土)19:00,フランス,france,デンマーク,denmark,スタジアム974,2,1,,,キリアン・エムバペ,france,,2026/3/9
WC-2022-MD023,australia-vs-denmark,WC,2022,MD023,Group-Phase,D,第３節,11/30(水)18:00,オーストラリア,australia,デンマーク,denmark,アル・ジャヌーブ・スタジアム,1,0,,,マシュー・レッキー,australia,,2026/3/9
WC-2022-MD024,tunisia-vs-france,WC,2022,MD024,Group-Phase,D,第３節,11/30(水)18:00,チュニジア,tunisia,フランス,france,エデュケーション・シティ・スタジアム,1,0,,,ワフビ・ハズリ,tunisia,,2026/3/9
WC-2022-MD025,germany-vs-japan,WC,2022,MD025,Group-Phase,E,第１節,11/23(水)16:00,ドイツ,germany,日本,japan,ハリーファ国際スタジアム,1,2,,,権田 修一,japan,,2026/3/9
WC-2022-MD026,spain-vs-costa-rica,WC,2022,MD026,Group-Phase,E,第１節,11/23(水)19:00,スペイン,spain,コスタリカ,costa-rica,アル・トゥマーマ・スタジアム,7,0,,,ガビ,spain,,2026/3/9
WC-2022-MD027,japan-vs-costa-rica,WC,2022,MD027,Group-Phase,E,第２節,11/27(日)13:00,日本,japan,コスタリカ,costa-rica,アフメド・ビン＝アリー・スタジアム,0,1,,,ケイセル・フレール,costa-rica,,2026/3/9
WC-2022-MD028,spain-vs-germany,WC,2022,MD028,Group-Phase,E,第２節,11/27(日)22:00,スペイン,spain,ドイツ,germany,アル・バイト・スタジアム,1,1,,,アルバロ・モラタ,spain,,2026/3/9
WC-2022-MD029,japan-vs-spain,WC,2022,MD029,Group-Phase,E,第３節,12/1(木)22:00,日本,japan,スペイン,spain,ハリーファ国際スタジアム,2,1,,,田中 碧,japan,,2026/3/9
WC-2022-MD030,costa-rica-vs-germany,WC,2022,MD030,Group-Phase,E,第３節,12/1(木)22:00,コスタリカ,costa-rica,ドイツ,germany,アル・バイト・スタジアム,2,4,,,カイ・ハヴァーツ,germany,,2026/3/9
WC-2022-MD031,morocco-vs-croatia,WC,2022,MD031,Group-Phase,F,第１節,11/23(水)13:00,モロッコ,morocco,クロアチア,croatia,アル・バイト・スタジアム,0,0,,,ルカ・モドリッチ,croatia,,2026/3/9
WC-2022-MD032,belgium-vs-canada,WC,2022,MD032,Group-Phase,F,第１節,11/23(水)22:00,ベルギー,belgium,カナダ,canada,アフメド・ビン＝アリー・スタジアム,1,0,,,ケヴィン・デブライネ,belgium,,2026/3/9
WC-2022-MD033,belgium-vs-morocco,WC,2022,MD033,Group-Phase,F,第２節,11/27(日)16:00,ベルギー,belgium,モロッコ,morocco,アル・トゥマーマ・スタジアム,0,2,,,ハキム・ツィエク,morocco,,2026/3/9
WC-2022-MD034,croatia-vs-canada,WC,2022,MD034,Group-Phase,F,第２節,11/27(日)19:00,クロアチア,croatia,カナダ,canada,ハリーファ国際スタジアム,4,1,,,アンドレイ・クラマリッチ,croatia,,2026/3/9
WC-2022-MD035,croatia-vs-belgium,WC,2022,MD035,Group-Phase,F,第３節,12/1(木)18:00,クロアチア,croatia,ベルギー,belgium,アフメド・ビン＝アリー・スタジアム,0,0,,,ルカ・モドリッチ,croatia,,2026/3/9
WC-2022-MD036,canada-vs-morocco,WC,2022,MD036,Group-Phase,F,第３節,12/1(木)18:00,カナダ,canada,モロッコ,morocco,アル・トゥマーマ・スタジアム,1,2,,,アクラフ・ハキミ,morocco,,2026/3/9
WC-2022-MD037,switzerland-vs-cameroon,WC,2022,MD037,Group-Phase,G,第１節,11/24(木)13:00,スイス,switzerland,カメルーン,cameroon,アル・ジャヌーブ・スタジアム,1,0,,,ヤン・ゾマー,switzerland,,2026/3/9
WC-2022-MD038,brazil-vs-serbia,WC,2022,MD038,Group-Phase,G,第１節,11/24(木)22:00,ブラジル,brazil,セルビア,serbia,ルサイル・アイコニック・スタジアム,2,0,,,リシャルリソン,brazil,,2026/3/9
WC-2022-MD039,cameroon-vs-serbia,WC,2022,MD039,Group-Phase,G,第２節,11/28(月)13:00,カメルーン,cameroon,セルビア,serbia,アル・ジャヌーブ・スタジアム,3,3,,,ヴァンサン・アブバカル,cameroon,,2026/3/9
WC-2022-MD040,brazil-vs-switzerland,WC,2022,MD040,Group-Phase,G,第２節,11/28(月)19:00,ブラジル,brazil,スイス,switzerland,スタジアム974,1,0,,,カゼミーロ,brazil,,2026/3/9
WC-2022-MD041,serbia-vs-switzerland,WC,2022,MD041,Group-Phase,G,第３節,12/2(金)22:00,セルビア,serbia,スイス,switzerland,スタジアム974,2,3,,,グラニト・ジャカ,switzerland,,2026/3/9
WC-2022-MD042,cameroon-vs-brazil,WC,2022,MD042,Group-Phase,G,第３節,12/2(金)22:00,カメルーン,cameroon,ブラジル,brazil,ルサイル・アイコニック・スタジアム,1,0,,,デビス・エパシ,cameroon,,2026/3/9
WC-2022-MD043,uruguay-vs-south-korea,WC,2022,MD043,Group-Phase,H,第１節,11/24(木)16:00,ウルグアイ,uruguay,韓国,south-korea,エデュケーション・シティ・スタジアム,0,0,,,フェデリコ・バルベルデ,uruguay,,2026/3/9
WC-2022-MD044,portugal-vs-ghana,WC,2022,MD044,Group-Phase,H,第１節,11/24(木)19:00,ポルトガル,portugal,ガーナ,ghana,スタジアム974,3,2,,,クリスティアーノ・ロナウド,portugal,,2026/3/9
WC-2022-MD045,south-korea-vs-ghana,WC,2022,MD045,Group-Phase,H,第２節,11/28(月)16:00,韓国,south-korea,ガーナ,ghana,エデュケーション・シティ・スタジアム,2,3,,,モハメド・クドゥス,ghana,,2026/3/9
WC-2022-MD046,portugal-vs-uruguay,WC,2022,MD046,Group-Phase,H,第２節,11/28(月)22:00,ポルトガル,portugal,ウルグアイ,uruguay,ルサイル・アイコニック・スタジアム,2,0,,,ブルーノ・フェルナンデス,portugal,,2026/3/9
WC-2022-MD047,ghana-vs-uruguay,WC,2022,MD047,Group-Phase,H,第３節,12/2(金)18:00,ガーナ,ghana,ウルグアイ,uruguay,アル・ジャヌーブ・スタジアム,0,2,,,ヒオルヒアン・デ・アラスカ,uruguay,,2026/3/9
WC-2022-MD048,south-korea-vs-portugal,WC,2022,MD048,Group-Phase,H,第３節,12/2(金)18:00,韓国,south-korea,ポルトガル,portugal,エデュケーション・シティ・スタジアム,2,1,,,ファン・ヒチャン,south-korea,,2026/3/9
WC-2022-MD049,netherlands-vs-usa,WC,2022,MD049,Round-16,,ラウンド16,12/3(土)18:00,オランダ,netherlands,アメリカ,usa,ハリーファ国際スタジアム,3,1,,,デンゼル・ダンフリース,netherlands,,2026/3/9
WC-2022-MD050,argentina-vs-australia,WC,2022,MD050,Round-16,,ラウンド16,12/3(土)22:00,アルゼンチン,argentina,オーストラリア,australia,アフメド・ビン＝アリー・スタジアム,2,1,,,リオネル・メッシ,argentina,,2026/3/9
WC-2022-MD051,france-vs-poland,WC,2022,MD051,Round-16,,ラウンド16,12/4(日)18:00,フランス,france,ポーランド,poland,アル・トゥマーマ・スタジアム,3,1,,,キリアン・エムバペ,france,,2026/3/9
WC-2022-MD052,england-vs-senegal,WC,2022,MD052,Round-16,,ラウンド16,12/4(日)22:00,イングランド,england,セネガル,senegal,アル・バイト・スタジアム,3,0,,,ハリー・ケイン,england,,2026/3/9
WC-2022-MD053,japan-vs-croatia,WC,2022,MD053,Round-16,,ラウンド16,12/5(月)18:00,日本,japan,クロアチア,croatia,アル・ジャヌーブ・スタジアム,1,1,1,3,ドミニク・リヴァコヴィッチ,croatia,PK戦,2026/3/9
WC-2022-MD054,brazil-vs-south-korea,WC,2022,MD054,Round-16,,ラウンド16,12/5(月)22:00,ブラジル,brazil,韓国,south-korea,スタジアム974,4,1,,,ネイマール,brazil,,2026/3/9
WC-2022-MD055,morocco-vs-spain,WC,2022,MD055,Round-16,,ラウンド16,12/6(火)18:00,モロッコ,morocco,スペイン,spain,エデュケーション・シティ・スタジアム,0,0,3,0,ヤシン・ブヌ,morocco,PK戦,2026/3/9
WC-2022-MD056,portugal-vs-switzerland,WC,2022,MD056,Round-16,,ラウンド16,12/6(火)22:00,ポルトガル,portugal,スイス,switzerland,ルサイル・アイコニック・スタジアム,6,1,,,ゴンサロ・ラモス,portugal,,2026/3/9
WC-2022-MD057,croatia-vs-brazil,WC,2022,MD057,Quarter-Final,,準々決勝,12/9(金)18:00,クロアチア,croatia,ブラジル,brazil,エデュケーション・シティ・スタジアム,1,1,4,2,ドミニク・リヴァコヴィッチ,croatia,PK戦,2026/3/9
WC-2022-MD058,netherlands-vs-argentina,WC,2022,MD058,Quarter-Final,,準々決勝,12/9(金)22:00,オランダ,netherlands,アルゼンチン,argentina,ルサイル・アイコニック・スタジアム,2,2,3,4,リオネル・メッシ,argentina,PK戦,2026/3/9
WC-2022-MD059,morocco-vs-portugal,WC,2022,MD059,Quarter-Final,,準々決勝,12/10(土)18:00,モロッコ,morocco,ポルトガル,portugal,アル・トゥマーマ・スタジアム,1,0,,,ヤシン・ブヌ,morocco,,2026/3/9
WC-2022-MD060,england-vs-france,WC,2022,MD060,Quarter-Final,,準々決勝,12/10(土)22:00,イングランド,england,フランス,france,アル・バイト・スタジアム,1,2,,,オリヴィエ・ジルー,france,,2026/3/9
WC-2022-MD061,argentina-vs-croatia,WC,2022,MD061,Semi-Final,,準決勝,12/13(火)22:00,アルゼンチン,argentina,クロアチア,croatia,ルサイル・アイコニック・スタジアム,3,0,,,リオネル・メッシ,argentina,,2026/3/9
WC-2022-MD062,france-vs-morocco,WC,2022,MD062,Semi-Final,,準決勝,12/14(水)22:00,フランス,france,モロッコ,morocco,アル・バイト・スタジアム,2,0,,,アントワーヌ・グリーズマン,france,,2026/3/9
WC-2022-MD063,croatia-vs-morocco,WC,2022,MD063,Third-Place,,3位決定戦,12/17(土)18:00,クロアチア,croatia,モロッコ,morocco,ハリーファ国際スタジアム,2,1,,,ヨシュコ・グヴァルディオル,croatia,,2026/3/9
WC-2022-MD064,argentina-vs-france,WC,2022,MD064,Final,,決勝,12/18(日)18:00,アルゼンチン,argentina,フランス,france,ルサイル・アイコニック・スタジアム,3,3,4,2,リオネル・メッシ,argentina,延長・PK戦,2026/3/9
WC-2018-MD001,russia-vs-saudi-arabia,WC,2018,MD001,Group-Phase,A,第１節,6/14(木)18:00,ロシア,russia,サウジアラビア,saudi-arabia,ルジニキ・スタジアム,5,0,,,,,,2026/3/11
WC-2018-MD002,egypt-vs-uruguay,WC,2018,MD002,Group-Phase,A,第１節,6/15(金)17:00,エジプト,egypt,ウルグアイ,uruguay,エカテリンブルク・アリーナ,0,1,,,,,,2026/3/11
WC-2018-MD003,morocco-vs-iran,WC,2018,MD003,Group-Phase,B,第１節,6/15(金)18:00,モロッコ,morocco,イラン,iran,サンクトペテルブルク・スタジアム,0,1,,,,,,2026/3/11
WC-2018-MD004,portugal-vs-spain,WC,2018,MD004,Group-Phase,B,第１節,6/15(金)21:00,ポルトガル,portugal,スペイン,spain,フィシュト・スタジアム,3,3,,,,,,2026/3/11
WC-2018-MD005,france-vs-australia,WC,2018,MD005,Group-Phase,C,第１節,6/16(土)13:00,フランス,france,オーストラリア,australia,カザン・アリーナ,2,1,,,,,,2026/3/11
WC-2018-MD006,argentina-vs-iceland,WC,2018,MD006,Group-Phase,D,第１節,6/16(土)16:00,アルゼンチン,argentina,アイスランド,iceland,スパルタク・スタジアム,1,1,,,,,,2026/3/11
WC-2018-MD007,peru-vs-denmark,WC,2018,MD007,Group-Phase,C,第１節,6/16(土)19:00,ペルー,peru,デンマーク,denmark,モルドヴィア・アリーナ,0,1,,,,,,2026/3/11
WC-2018-MD008,croatia-vs-nigeria,WC,2018,MD008,Group-Phase,D,第１節,6/16(土)21:00,クロアチア,croatia,ナイジェリア,nigeria,カリーニングラード・スタジアム,2,0,,,,,,2026/3/11
WC-2018-MD009,costa-rica-vs-serbia,WC,2018,MD009,Group-Phase,E,第１節,6/17(日)16:00,コスタリカ,costa-rica,セルビア,serbia,サマーラ・アリーナ,0,1,,,,,,2026/3/11
WC-2018-MD010,germany-vs-mexico,WC,2018,MD010,Group-Phase,F,第１節,6/17(日)18:00,ドイツ,germany,メキシコ,mexico,ルジニキ・スタジアム,0,1,,,,,,2026/3/11
WC-2018-MD011,brazil-vs-switzerland,WC,2018,MD011,Group-Phase,E,第１節,6/17(日)21:00,ブラジル,brazil,スイス,switzerland,ロストフ・アリーナ,1,1,,,,,,2026/3/11
WC-2018-MD012,sweden-vs-south-korea,WC,2018,MD012,Group-Phase,F,第１節,6/18(月)15:00,スウェーデン,sweden,韓国,south-korea,ニジニ・ノヴゴロド・スタジアム,1,0,,,,,,2026/3/11
WC-2018-MD013,belgium-vs-panama,WC,2018,MD013,Group-Phase,G,第１節,6/18(月)18:00,ベルギー,belgium,パナマ,panama,フィシュト・スタジアム,3,0,,,,,,2026/3/11
WC-2018-MD014,tunisia-vs-england,WC,2018,MD014,Group-Phase,G,第１節,6/18(月)21:00,チュニジア,tunisia,イングランド,england,ヴォルゴグラード・アリーナ,1,2,,,,,,2026/3/11
WC-2018-MD015,colombia-vs-japan,WC,2018,MD015,Group-Phase,H,第１節,6/19(火)15:00,コロンビア,colombia,日本,japan,モルドヴィア・アリーナ,1,2,,,,,,2026/3/11
WC-2018-MD016,poland-vs-senegal,WC,2018,MD016,Group-Phase,H,第１節,6/19(火)18:00,ポーランド,poland,セネガル,senegal,スパルタク・スタジアム,1,2,,,,,,2026/3/11
WC-2018-MD017,russia-vs-egypt,WC,2018,MD017,Group-Phase,A,第２節,6/19(火)21:00,ロシア,russia,エジプト,egypt,サンクトペテルブルク・スタジアム,3,1,,,,,,2026/3/11
WC-2018-MD018,portugal-vs-morocco,WC,2018,MD018,Group-Phase,B,第２節,6/20(水)15:00,ポルトガル,portugal,モロッコ,morocco,ルジニキ・スタジアム,1,0,,,,,,2026/3/11
WC-2018-MD019,uruguay-vs-saudi-arabia,WC,2018,MD019,Group-Phase,A,第２節,6/20(水)18:00,ウルグアイ,uruguay,サウジアラビア,saudi-arabia,ロストフ・アリーナ,1,0,,,,,,2026/3/11
WC-2018-MD020,iran-vs-spain,WC,2018,MD020,Group-Phase,B,第２節,6/20(水)21:00,イラン,iran,スペイン,spain,カザン・アリーナ,0,1,,,,,,2026/3/11
WC-2018-MD021,denmark-vs-australia,WC,2018,MD021,Group-Phase,C,第２節,6/21(木)16:00,デンマーク,denmark,オーストラリア,australia,サマーラ・アリーナ,1,1,,,,,,2026/3/11
WC-2018-MD022,france-vs-peru,WC,2018,MD022,Group-Phase,C,第２節,6/21(木)20:00,フランス,france,ペルー,peru,エカテリンブルク・アリーナ,1,0,,,,,,2026/3/11
WC-2018-MD023,argentina-vs-croatia,WC,2018,MD023,Group-Phase,D,第２節,6/21(木)21:00,アルゼンチン,argentina,クロアチア,croatia,ニジニ・ノヴゴロド・スタジアム,0,3,,,,,,2026/3/11
WC-2018-MD024,brazil-vs-costa-rica,WC,2018,MD024,Group-Phase,E,第２節,6/22(金)15:00,ブラジル,brazil,コスタリカ,costa-rica,サンクトペテルブルク・スタジアム,2,0,,,,,,2026/3/11
WC-2018-MD025,nigeria-vs-iceland,WC,2018,MD025,Group-Phase,D,第２節,6/22(金)18:00,ナイジェリア,nigeria,アイスランド,iceland,ヴォルゴグラード・アリーナ,2,0,,,,,,2026/3/11
WC-2018-MD026,serbia-vs-switzerland,WC,2018,MD026,Group-Phase,E,第２節,6/22(金)20:00,セルビア,serbia,スイス,switzerland,カリーニングラード・スタジアム,1,2,,,,,,2026/3/11
WC-2018-MD027,belgium-vs-tunisia,WC,2018,MD027,Group-Phase,G,第２節,6/23(土)15:00,ベルギー,belgium,チュニジア,tunisia,スパルタク・スタジアム,5,2,,,,,,2026/3/11
WC-2018-MD028,south-korea-vs-mexico,WC,2018,MD028,Group-Phase,F,第２節,6/23(土)18:00,韓国,south-korea,メキシコ,mexico,ロストフ・アリーナ,1,2,,,,,,2026/3/11
WC-2018-MD029,germany-vs-sweden,WC,2018,MD029,Group-Phase,F,第２節,6/23(土)21:00,ドイツ,germany,スウェーデン,sweden,フィシュト・スタジアム,2,1,,,,,,2026/3/11
WC-2018-MD030,england-vs-panama,WC,2018,MD030,Group-Phase,G,第２節,6/24(日)15:00,イングランド,england,パナマ,panama,ニジニ・ノヴゴロド・スタジアム,6,1,,,,,,2026/3/11
WC-2018-MD031,japan-vs-senegal,WC,2018,MD031,Group-Phase,H,第２節,6/24(日)20:00,日本,japan,セネガル,senegal,エカテリンブルク・アリーナ,2,2,,,,,,2026/3/11
WC-2018-MD032,poland-vs-colombia,WC,2018,MD032,Group-Phase,H,第２節,6/24(日)21:00,ポーランド,poland,コロンビア,colombia,カザン・アリーナ,0,3,,,,,,2026/3/11
WC-2018-MD033,saudi-arabia-vs-egypt,WC,2018,MD033,Group-Phase,A,第３節,6/25(月)17:00,サウジアラビア,saudi-arabia,エジプト,egypt,ヴォルゴグラード・アリーナ,2,1,,,,,,2026/3/11
WC-2018-MD034,uruguay-vs-russia,WC,2018,MD034,Group-Phase,A,第３節,6/25(月)18:00,ウルグアイ,uruguay,ロシア,russia,サマーラ・アリーナ,3,0,,,,,,2026/3/11
WC-2018-MD035,spain-vs-morocco,WC,2018,MD035,Group-Phase,B,第３節,6/25(月)20:00,スペイン,spain,モロッコ,morocco,カリーニングラード・スタジアム,2,2,,,,,,2026/3/11
WC-2018-MD036,iran-vs-portugal,WC,2018,MD036,Group-Phase,B,第３節,6/25(月)21:00,イラン,iran,ポルトガル,portugal,モルドヴィア・アリーナ,1,1,,,,,,2026/3/11
WC-2018-MD037,australia-vs-peru,WC,2018,MD037,Group-Phase,C,第３節,6/26(火)17:00,オーストラリア,australia,ペルー,peru,フィシュト・スタジアム,0,2,,,,,,2026/3/11
WC-2018-MD038,denmark-vs-france,WC,2018,MD038,Group-Phase,C,第３節,6/26(火)17:00,デンマーク,denmark,フランス,france,ルジニキ・スタジアム,0,0,,,,,,2026/3/11
WC-2018-MD039,iceland-vs-croatia,WC,2018,MD039,Group-Phase,D,第３節,6/26(火)21:00,アイスランド,iceland,クロアチア,croatia,ロストフ・アリーナ,1,2,,,,,,2026/3/11
WC-2018-MD040,nigeria-vs-argentina,WC,2018,MD040,Group-Phase,D,第３節,6/26(火)21:00,ナイジェリア,nigeria,アルゼンチン,argentina,サンクトペテルブルク・スタジアム,1,2,,,,,,2026/3/11
WC-2018-MD041,south-korea-vs-germany,WC,2018,MD041,Group-Phase,F,第３節,6/27(水)17:00,韓国,south-korea,ドイツ,germany,カザン・アリーナ,2,0,,,,,,2026/3/11
WC-2018-MD042,mexico-vs-sweden,WC,2018,MD042,Group-Phase,F,第３節,6/27(水)19:00,メキシコ,mexico,スウェーデン,sweden,エカテリンブルク・アリーナ,0,3,,,,,,2026/3/11
WC-2018-MD043,serbia-vs-brazil,WC,2018,MD043,Group-Phase,E,第３節,6/27(水)21:00,セルビア,serbia,ブラジル,brazil,スパルタク・スタジアム,0,2,,,,,,2026/3/11
WC-2018-MD044,switzerland-vs-costa-rica,WC,2018,MD044,Group-Phase,E,第３節,6/27(水)21:00,スイス,switzerland,コスタリカ,costa-rica,ニジニ・ノヴゴロド・スタジアム,2,2,,,,,,2026/3/11
WC-2018-MD045,japan-vs-poland,WC,2018,MD045,Group-Phase,H,第３節,6/28(木)17:00,日本,japan,ポーランド,poland,ヴォルゴグラード・アリーナ,0,1,,,,,,2026/3/11
WC-2018-MD046,senegal-vs-colombia,WC,2018,MD046,Group-Phase,H,第３節,6/28(木)18:00,セネガル,senegal,コロンビア,colombia,サマーラ・アリーナ,0,1,,,,,,2026/3/11
WC-2018-MD047,england-vs-belgium,WC,2018,MD047,Group-Phase,G,第３節,6/28(木)20:00,イングランド,england,ベルギー,belgium,カリーニングラード・スタジアム,0,1,,,,,,2026/3/11
WC-2018-MD048,panama-vs-tunisia,WC,2018,MD048,Group-Phase,G,第３節,6/28(木)21:00,パナマ,panama,チュニジア,tunisia,モルドヴィア・アリーナ,1,2,,,,,,2026/3/11
WC-2018-MD049,france-vs-argentina,WC,2018,MD049,Round-16,,ラウンド16,6/30(土)17:00,フランス,france,アルゼンチン,argentina,カザン・アリーナ,4,3,,,,,,2026/3/11
WC-2018-MD050,uruguay-vs-portugal,WC,2018,MD050,Round-16,,ラウンド16,6/30(土)21:00,ウルグアイ,uruguay,ポルトガル,portugal,フィシュト・スタジアム,2,1,,,,,,2026/3/11
WC-2018-MD051,spain-vs-russia,WC,2018,MD051,Round-16,,ラウンド16,7/1(日)17:00,スペイン,spain,ロシア,russia,ルジニキ・スタジアム,1,1,3,4,,,延長・PK戦,2026/3/11
WC-2018-MD052,croatia-vs-denmark,WC,2018,MD052,Round-16,,ラウンド16,7/1(日)21:00,クロアチア,croatia,デンマーク,denmark,ニジニ・ノヴゴロド・スタジアム,1,1,3,2,,,延長・PK戦,2026/3/11
WC-2018-MD053,brazil-vs-mexico,WC,2018,MD053,Round-16,,ラウンド16,7/2(月)18:00,ブラジル,brazil,メキシコ,mexico,サマーラ・アリーナ,2,0,,,,,,2026/3/11
WC-2018-MD054,belgium-vs-japan,WC,2018,MD054,Round-16,,ラウンド16,7/2(月)21:00,ベルギー,belgium,日本,japan,ロストフ・アリーナ,3,2,,,,,,2026/3/11
WC-2018-MD055,sweden-vs-switzerland,WC,2018,MD055,Round-16,,ラウンド16,7/3(火)17:00,スウェーデン,sweden,スイス,switzerland,サンクトペテルブルク・スタジアム,1,0,,,,,,2026/3/11
WC-2018-MD056,colombia-vs-england,WC,2018,MD056,Round-16,,ラウンド16,7/3(火)21:00,コロンビア,colombia,イングランド,england,スパルタク・スタジアム,1,1,3,4,,,延長・PK戦,2026/3/11
WC-2018-MD057,uruguay-vs-france,WC,2018,MD057,Quarter-Final,,準々決勝,7/6(金)17:00,ウルグアイ,uruguay,フランス,france,ニジニ・ノヴゴロド・スタジアム,0,2,,,,,,2026/3/11
WC-2018-MD058,brazil-vs-belgium,WC,2018,MD058,Quarter-Final,,準々決勝,7/6(金)21:00,ブラジル,brazil,ベルギー,belgium,カザン・アリーナ,1,2,,,,,,2026/3/11
WC-2018-MD059,sweden-vs-england,WC,2018,MD059,Quarter-Final,,準々決勝,7/7(土)18:00,スウェーデン,sweden,イングランド,england,サマーラ・アリーナ,0,2,,,,,,2026/3/11
WC-2018-MD060,russia-vs-croatia,WC,2018,MD060,Quarter-Final,,準々決勝,7/7(土)21:00,ロシア,russia,クロアチア,croatia,フィシュト・スタジアム,2,2,3,4,,,延長・PK戦,2026/3/11
WC-2018-MD061,france-vs-belgium,WC,2018,MD061,Semi-Final,,準決勝,7/10(火)21:00,フランス,france,ベルギー,belgium,サンクトペテルブルク・スタジアム,1,0,,,,,,2026/3/11
WC-2018-MD062,croatia-vs-england,WC,2018,MD062,Semi-Final,,準決勝,7/11(水)21:00,クロアチア,croatia,イングランド,england,ルジニキ・スタジアム,2,1,,,,,延長,2026/3/11
WC-2018-MD063,belgium-vs-england,WC,2018,MD063,Third-Place,,3位決定戦,7/14(土)17:00,ベルギー,belgium,イングランド,england,サンクトペテルブルク・スタジアム,2,0,,,,,,2026/3/11
WC-2018-MD064,france-vs-croatia,WC,2018,MD064,Final,,決勝,7/15(日)18:00,フランス,france,クロアチア,croatia,ルジニキ・スタジアム,4,2,,,,,,2026/3/11
WC-2014-MD001,brazil-vs-croatia,WC,2014,MD001,Group-Phase,A,第１節,6/12(木)17:00,ブラジル,brazil,クロアチア,croatia,Arena de São Paulo,3,1,,,,,,2026/3/11
WC-2014-MD002,mexico-vs-cameroon,WC,2014,MD002,Group-Phase,A,第１節,6/13(金)13:00,メキシコ,mexico,カメルーン,cameroon,Estádio das Dunas,1,0,,,,,,2026/3/11
WC-2014-MD003,spain-vs-netherlands,WC,2014,MD003,Group-Phase,B,第１節,6/13(金)16:00,スペイン,spain,オランダ,netherlands,Arena Fonte Nova,1,5,,,,,,2026/3/11
WC-2014-MD004,chile-vs-australia,WC,2014,MD004,Group-Phase,B,第１節,6/13(金)18:00,チリ,chile,オーストラリア,australia,Arena Pantanal,3,1,,,,,,2026/3/11
WC-2014-MD005,colombia-vs-greece,WC,2014,MD005,Group-Phase,C,第１節,6/14(土)13:00,コロンビア,colombia,ギリシャ,greece,Estádio Mineirão,3,0,,,,,,2026/3/11
WC-2014-MD006,uruguay-vs-costa-rica,WC,2014,MD006,Group-Phase,D,第１節,6/14(土)16:00,ウルグアイ,uruguay,コスタリカ,costa-rica,Estádio Castelão,1,3,,,,,,2026/3/11
WC-2014-MD007,england-vs-italy,WC,2014,MD007,Group-Phase,D,第１節,6/14(土)18:00,イングランド,england,イタリア,italy,Arena Amazônia,1,2,,,,,,2026/3/11
WC-2014-MD008,cote-divoire-vs-japan,WC,2014,MD008,Group-Phase,C,第１節,6/14(土)22:00,コートジボワール,cote-divoire,日本,japan,Arena Pernambuco,2,1,,,,,,2026/3/11
WC-2014-MD009,switzerland-vs-ecuador,WC,2014,MD009,Group-Phase,E,第１節,6/15(日)13:00,スイス,switzerland,エクアドル,ecuador,Estádio Nacional Mané Garrincha,2,1,,,,,,2026/3/11
WC-2014-MD010,france-vs-honduras,WC,2014,MD010,Group-Phase,E,第１節,6/15(日)16:00,フランス,france,ホンジュラス,honduras,Estádio Beira-Rio,3,0,,,,,,2026/3/11
WC-2014-MD011,argentina-vs-bosnia-and-herzegovina,WC,2014,MD011,Group-Phase,F,第１節,6/15(日)19:00,アルゼンチン,argentina,ボスニア・ヘルツェゴビナ,bosnia-and-herzegovina,Estádio do Maracanã,2,1,,,,,,2026/3/11
WC-2014-MD012,germany-vs-portugal,WC,2014,MD012,Group-Phase,G,第１節,6/16(月)13:00,ドイツ,germany,ポルトガル,portugal,Arena Fonte Nova,4,0,,,,,,2026/3/11
WC-2014-MD013,iran-vs-nigeria,WC,2014,MD013,Group-Phase,F,第１節,6/16(月)16:00,イラン,iran,ナイジェリア,nigeria,Arena da Baixada,0,0,,,,,,2026/3/11
WC-2014-MD014,ghana-vs-usa,WC,2014,MD014,Group-Phase,G,第１節,6/16(月)19:00,ガーナ,ghana,アメリカ,usa,Estádio das Dunas,1,2,,,,,,2026/3/11
WC-2014-MD015,belgium-vs-algeria,WC,2014,MD015,Group-Phase,H,第１節,6/17(火)13:00,ベルギー,belgium,アルジェリア,algeria,Estádio Mineirão,2,1,,,,,,2026/3/11
WC-2014-MD016,brazil-vs-mexico,WC,2014,MD016,Group-Phase,A,第２節,6/17(火)16:00,ブラジル,brazil,メキシコ,mexico,Estádio Castelão,0,0,,,,,,2026/3/11
WC-2014-MD017,russia-vs-south-korea,WC,2014,MD017,Group-Phase,H,第１節,6/17(火)18:00,ロシア,russia,韓国,south-korea,Arena Pantanal,1,1,,,,,,2026/3/11
WC-2014-MD018,australia-vs-netherlands,WC,2014,MD018,Group-Phase,B,第２節,6/18(水)13:00,オーストラリア,australia,オランダ,netherlands,Estádio Beira-Rio,2,3,,,,,,2026/3/11
WC-2014-MD019,cameroon-vs-croatia,WC,2014,MD019,Group-Phase,A,第２節,6/18(水)18:00,カメルーン,cameroon,クロアチア,croatia,Arena Amazônia,0,4,,,,,,2026/3/11
WC-2014-MD020,spain-vs-chile,WC,2014,MD020,Group-Phase,B,第２節,6/18(水)16:00,スペイン,spain,チリ,chile,Estádio do Maracanã,0,2,,,,,,2026/3/11
WC-2014-MD021,colombia-vs-cote-divoire,WC,2014,MD021,Group-Phase,C,第２節,6/19(木)13:00,コロンビア,colombia,コートジボワール,cote-divoire,Estádio Nacional Mané Garrincha,2,1,,,,,,2026/3/11
WC-2014-MD022,uruguay-vs-england,WC,2014,MD022,Group-Phase,D,第２節,6/19(木)16:00,ウルグアイ,uruguay,イングランド,england,Arena de São Paulo,2,1,,,,,,2026/3/11
WC-2014-MD023,japan-vs-greece,WC,2014,MD023,Group-Phase,C,第２節,6/19(木)19:00,日本,japan,ギリシャ,greece,Estádio das Dunas,0,0,,,,,,2026/3/11
WC-2014-MD024,italy-vs-costa-rica,WC,2014,MD024,Group-Phase,D,第２節,6/20(金)13:00,イタリア,italy,コスタリカ,costa-rica,Arena Pernambuco,0,1,,,,,,2026/3/11
WC-2014-MD025,switzerland-vs-france,WC,2014,MD025,Group-Phase,E,第２節,6/20(金)16:00,スイス,switzerland,フランス,france,Arena Fonte Nova,2,5,,,,,,2026/3/11
WC-2014-MD026,honduras-vs-ecuador,WC,2014,MD026,Group-Phase,E,第２節,6/20(金)19:00,ホンジュラス,honduras,エクアドル,ecuador,Arena da Baixada,1,2,,,,,,2026/3/11
WC-2014-MD027,argentina-vs-iran,WC,2014,MD027,Group-Phase,F,第２節,6/21(土)13:00,アルゼンチン,argentina,イラン,iran,Estádio Mineirão,1,0,,,,,,2026/3/11
WC-2014-MD028,germany-vs-ghana,WC,2014,MD028,Group-Phase,G,第２節,6/21(土)16:00,ドイツ,germany,ガーナ,ghana,Estádio Castelão,2,2,,,,,,2026/3/11
WC-2014-MD029,nigeria-vs-bosnia-and-herzegovina,WC,2014,MD029,Group-Phase,F,第２節,6/21(土)18:00,ナイジェリア,nigeria,ボスニア・ヘルツェゴビナ,bosnia-and-herzegovina,Arena Pantanal,1,0,,,,,,2026/3/11
WC-2014-MD030,belgium-vs-russia,WC,2014,MD030,Group-Phase,H,第２節,6/22(日)13:00,ベルギー,belgium,ロシア,russia,Estádio do Maracanã,1,0,,,,,,2026/3/11
WC-2014-MD031,usa-vs-portugal,WC,2014,MD031,Group-Phase,G,第２節,6/22(日)18:00,アメリカ,usa,ポルトガル,portugal,Arena Amazônia,2,2,,,,,,2026/3/11
WC-2014-MD032,south-korea-vs-algeria,WC,2014,MD032,Group-Phase,H,第２節,6/22(日)16:00,韓国,south-korea,アルジェリア,algeria,Estádio Beira-Rio,2,4,,,,,,2026/3/11
WC-2014-MD033,australia-vs-spain,WC,2014,MD033,Group-Phase,A,第３節,6/23(月)13:00,オーストラリア,australia,スペイン,spain,Arena da Baixada,0,3,,,,,,2026/3/11
WC-2014-MD034,netherlands-vs-chile,WC,2014,MD034,Group-Phase,B,第３節,6/23(月)13:00,オランダ,netherlands,チリ,chile,Arena de São Paulo,2,0,,,,,,2026/3/11
WC-2014-MD035,cameroon-vs-brazil,WC,2014,MD035,Group-Phase,A,第３節,6/23(月)17:00,カメルーン,cameroon,ブラジル,brazil,Estádio Nacional Mané Garrincha,1,4,,,,,,2026/3/11
WC-2014-MD036,croatia-vs-mexico,WC,2014,MD036,Group-Phase,A,第３節,6/23(月)17:00,クロアチア,croatia,メキシコ,mexico,Arena Pernambuco,1,3,,,,,,2026/3/11
WC-2014-MD037,japan-vs-colombia,WC,2014,MD037,Group-Phase,C,第３節,6/24(火)16:00,日本,japan,コロンビア,colombia,Arena Pantanal,1,4,,,,,,2026/3/11
WC-2014-MD038,greece-vs-cote-divoire,WC,2014,MD038,Group-Phase,C,第３節,6/24(火)17:00,ギリシャ,greece,コートジボワール,cote-divoire,Estádio Castelão,2,1,,,,,,2026/3/11
WC-2014-MD039,italy-vs-uruguay,WC,2014,MD039,Group-Phase,D,第３節,6/24(火)13:00,イタリア,italy,ウルグアイ,uruguay,Estádio das Dunas,0,1,,,,,,2026/3/11
WC-2014-MD040,costa-rica-vs-england,WC,2014,MD040,Group-Phase,D,第３節,6/24(火)13:00,コスタリカ,costa-rica,イングランド,england,Estádio Mineirão,0,0,,,,,,2026/3/11
WC-2014-MD041,honduras-vs-switzerland,WC,2014,MD041,Group-Phase,E,第３節,6/25(水)16:00,ホンジュラス,honduras,スイス,switzerland,Arena Amazônia,0,3,,,,,,2026/3/11
WC-2014-MD042,ecuador-vs-france,WC,2014,MD042,Group-Phase,E,第３節,6/25(水)17:00,エクアドル,ecuador,フランス,france,Estádio do Maracanã,0,0,,,,,,2026/3/11
WC-2014-MD043,nigeria-vs-argentina,WC,2014,MD043,Group-Phase,F,第３節,6/25(水)13:00,ナイジェリア,nigeria,アルゼンチン,argentina,Estádio Beira-Rio,2,3,,,,,,2026/3/11
WC-2014-MD044,bosnia-and-herzegovina-vs-iran,WC,2014,MD044,Group-Phase,F,第３節,6/25(水)13:00,ボスニア・ヘルツェゴビナ,bosnia-and-herzegovina,イラン,iran,Arena Fonte Nova,3,1,,,,,,2026/3/11
WC-2014-MD045,usa-vs-germany,WC,2014,MD045,Group-Phase,G,第３節,6/26(木)13:00,アメリカ,usa,ドイツ,germany,Arena Pernambuco,0,1,,,,,,2026/3/11
WC-2014-MD046,portugal-vs-ghana,WC,2014,MD046,Group-Phase,G,第３節,6/26(木)13:00,ポルトガル,portugal,ガーナ,ghana,Estádio Nacional Mané Garrincha,2,1,,,,,,2026/3/11
WC-2014-MD047,south-korea-vs-belgium,WC,2014,MD047,Group-Phase,H,第３節,6/26(木)17:00,韓国,south-korea,ベルギー,belgium,Arena de São Paulo,0,1,,,,,,2026/3/11
WC-2014-MD048,algeria-vs-russia,WC,2014,MD048,Group-Phase,H,第３節,6/26(木)17:00,アルジェリア,algeria,ロシア,russia,Arena da Baixada,1,1,,,,,,2026/3/11
WC-2014-MD049,brazil-vs-chile,WC,2014,MD049,Round-16,,ラウンド16,6/28(土)13:00,ブラジル,brazil,チリ,chile,Estádio Mineirão,1,1,3,2,,,延長・PK戦,2026/3/11
WC-2014-MD050,colombia-vs-uruguay,WC,2014,MD050,Round-16,,ラウンド16,6/28(土)17:00,コロンビア,colombia,ウルグアイ,uruguay,Estádio do Maracanã,2,0,,,,,,2026/3/11
WC-2014-MD051,netherlands-vs-mexico,WC,2014,MD051,Round-16,,ラウンド16,6/29(日)13:00,オランダ,netherlands,メキシコ,mexico,Estádio Castelão,2,1,,,,,,2026/3/11
WC-2014-MD052,costa-rica-vs-greece,WC,2014,MD052,Round-16,,ラウンド16,6/29(日)17:00,コスタリカ,costa-rica,ギリシャ,greece,Arena Pernambuco,1,1,5,3,,,延長・PK戦,2026/3/11
WC-2014-MD053,france-vs-nigeria,WC,2014,MD053,Round-16,,ラウンド16,6/30(月)13:00,フランス,france,ナイジェリア,nigeria,Estádio Nacional Mané Garrincha,2,0,,,,,,2026/3/11
WC-2014-MD054,germany-vs-algeria,WC,2014,MD054,Round-16,,ラウンド16,6/30(月)17:00,ドイツ,germany,アルジェリア,algeria,Estádio Beira-Rio,2,1,,,,,延長,2026/3/11
WC-2014-MD055,argentina-vs-switzerland,WC,2014,MD055,Round-16,,ラウンド16,7/1(火)13:00,アルゼンチン,argentina,スイス,switzerland,Arena de São Paulo,1,0,,,,,延長,2026/3/11
WC-2014-MD056,belgium-vs-usa,WC,2014,MD056,Round-16,,ラウンド16,7/1(火)17:00,ベルギー,belgium,アメリカ,usa,Arena Fonte Nova,2,1,,,,,延長,2026/3/11
WC-2014-MD057,brazil-vs-colombia,WC,2014,MD057,Quarter-Final,,準々決勝,7/4(金)17:00,ブラジル,brazil,コロンビア,colombia,Estádio Castelão,2,1,,,,,,2026/3/11
WC-2014-MD058,france-vs-germany,WC,2014,MD058,Quarter-Final,,準々決勝,7/4(金)13:00,フランス,france,ドイツ,germany,Estádio do Maracanã,0,1,,,,,,2026/3/11
WC-2014-MD059,netherlands-vs-costa-rica,WC,2014,MD059,Quarter-Final,,準々決勝,7/5(土)17:00,オランダ,netherlands,コスタリカ,costa-rica,Arena Fonte Nova,0,0,4,3,,,延長・PK戦,2026/3/11
WC-2014-MD060,argentina-vs-belgium,WC,2014,MD060,Quarter-Final,,準々決勝,7/5(土)13:00,アルゼンチン,argentina,ベルギー,belgium,Estádio Nacional Mané Garrincha,1,0,,,,,,2026/3/11
WC-2014-MD061,brazil-vs-germany,WC,2014,MD061,Semi-Final,,準決勝,7/8(火)17:00,ブラジル,brazil,ドイツ,germany,Estádio Mineirão,1,7,,,,,,2026/3/11
WC-2014-MD062,netherlands-vs-argentina,WC,2014,MD062,Semi-Final,,準決勝,7/9(水)17:00,オランダ,netherlands,アルゼンチン,argentina,Arena de São Paulo,0,0,2,4,,,延長・PK戦,2026/3/11
WC-2014-MD063,brazil-vs-netherlands,WC,2014,MD063,Third-Place,,3位決定戦,7/12(土)17:00,ブラジル,brazil,オランダ,netherlands,Estádio Nacional Mané Garrincha,0,3,,,,,,2026/3/11
WC-2014-MD064,germany-vs-argentina,WC,2014,MD064,Final,,決勝,7/13(日)16:00,ドイツ,germany,アルゼンチン,argentina,Estádio do Maracanã,1,0,,,,,延長,2026/3/11
WC-2010-MD001,south-africa-vs-mexico,WC,2010,MD001,Group-Phase,A,第１節,6/11(金)16:00,南アフリカ,south-africa,メキシコ,mexico,Soccer City,1,1,,,,,,2026/3/13
WC-2010-MD002,uruguay-vs-france,WC,2010,MD002,Group-Phase,A,第１節,6/11(金)20:30,ウルグアイ,uruguay,フランス,france,Cape Town Stadium,0,0,,,,,,2026/3/13
WC-2010-MD003,south-korea-vs-greece,WC,2010,MD003,Group-Phase,B,第１節,6/12(土)13:30,韓国,south-korea,ギリシャ,greece,Nelson Mandela Bay Stadium,2,0,,,,,,2026/3/13
WC-2010-MD004,argentina-vs-nigeria,WC,2010,MD004,Group-Phase,B,第１節,6/12(土)16:00,アルゼンチン,argentina,ナイジェリア,nigeria,Ellis Park Stadium,1,0,,,,,,2026/3/13
WC-2010-MD005,england-vs-usa,WC,2010,MD005,Group-Phase,C,第１節,6/12(土)20:30,イングランド,england,アメリカ,usa,Royal Bafokeng Stadium,1,1,,,,,,2026/3/13
WC-2010-MD006,algeria-vs-slovenia,WC,2010,MD006,Group-Phase,C,第１節,6/13(日)13:30,アルジェリア,algeria,スロベニア,slovenia,Peter Mokaba Stadium,0,1,,,,,,2026/3/13
WC-2010-MD007,serbia-vs-ghana,WC,2010,MD007,Group-Phase,D,第１節,6/13(日)16:00,セルビア,serbia,ガーナ,ghana,Loftus Versfeld Stadium,0,1,,,,,,2026/3/13
WC-2010-MD008,germany-vs-australia,WC,2010,MD008,Group-Phase,D,第１節,6/13(日)20:30,ドイツ,germany,オーストラリア,australia,Moses Mabhida Stadium,4,0,,,,,,2026/3/13
WC-2010-MD009,netherlands-vs-denmark,WC,2010,MD009,Group-Phase,E,第１節,6/14(月)13:30,オランダ,netherlands,デンマーク,denmark,Soccer City,2,0,,,,,,2026/3/13
WC-2010-MD010,japan-vs-cameroon,WC,2010,MD010,Group-Phase,E,第１節,6/14(月)16:00,日本,japan,カメルーン,cameroon,Free State Stadium,1,0,,,,,,2026/3/13
WC-2010-MD011,italy-vs-paraguay,WC,2010,MD011,Group-Phase,F,第１節,6/14(月)20:30,イタリア,italy,パラグアイ,paraguay,Green Point Stadium,1,1,,,,,,2026/3/13
WC-2010-MD012,new-zealand-vs-slovakia,WC,2010,MD012,Group-Phase,F,第１節,6/15(火)13:30,ニュージーランド,new-zealand,スロバキア,slovakia,Royal Bafokeng Stadium,1,1,,,,,,2026/3/13
WC-2010-MD013,cote-divoire-vs-portugal,WC,2010,MD013,Group-Phase,G,第１節,6/15(火)16:00,コートジボワール,cote-divoire,ポルトガル,portugal,Nelson Mandela Bay Stadium,0,0,,,,,,2026/3/13
WC-2010-MD014,brazil-vs-north-korea,WC,2010,MD014,Group-Phase,G,第１節,6/15(火)20:30,ブラジル,brazil,北朝鮮,north-korea,Ellis Park Stadium,2,1,,,,,,2026/3/13
WC-2010-MD015,honduras-vs-chile,WC,2010,MD015,Group-Phase,H,第１節,6/16(水)13:30,ホンジュラス,honduras,チリ,chile,Mbombela Stadium,0,1,,,,,,2026/3/13
WC-2010-MD016,spain-vs-switzerland,WC,2010,MD016,Group-Phase,H,第１節,6/16(水)16:00,スペイン,spain,スイス,switzerland,Moses Mabhida Stadium,0,1,,,,,,2026/3/13
WC-2010-MD017,south-africa-vs-uruguay,WC,2010,MD017,Group-Phase,A,第２節,6/16(水)20:30,南アフリカ,south-africa,ウルグアイ,uruguay,Loftus Versfeld Stadium,0,3,,,,,,2026/3/13
WC-2010-MD018,france-vs-mexico,WC,2010,MD018,Group-Phase,A,第２節,6/17(木)13:30,フランス,france,メキシコ,mexico,Peter Mokaba Stadium,0,2,,,,,,2026/3/13
WC-2010-MD019,argentina-vs-south-korea,WC,2010,MD019,Group-Phase,B,第２節,6/17(木)16:00,アルゼンチン,argentina,韓国,south-korea,Soccer City,4,1,,,,,,2026/3/13
WC-2010-MD020,greece-vs-nigeria,WC,2010,MD020,Group-Phase,B,第２節,6/17(木)20:30,ギリシャ,greece,ナイジェリア,nigeria,Free State Stadium,2,1,,,,,,2026/3/13
WC-2010-MD021,slovenia-vs-usa,WC,2010,MD021,Group-Phase,C,第２節,6/18(金)16:00,スロベニア,slovenia,アメリカ,usa,Ellis Park Stadium,2,2,,,,,,2026/3/13
WC-2010-MD022,england-vs-algeria,WC,2010,MD022,Group-Phase,C,第２節,6/18(金)20:30,イングランド,england,アルジェリア,algeria,Green Point Stadium,0,0,,,,,,2026/3/13
WC-2010-MD023,germany-vs-serbia,WC,2010,MD023,Group-Phase,D,第２節,6/18(金)13:30,ドイツ,germany,セルビア,serbia,Nelson Mandela Bay Stadium,0,1,,,,,,2026/3/13
WC-2010-MD024,ghana-vs-australia,WC,2010,MD024,Group-Phase,D,第２節,6/19(土)16:00,ガーナ,ghana,オーストラリア,australia,Royal Bafokeng Stadium,1,1,,,,,,2026/3/13
WC-2010-MD025,netherlands-vs-japan,WC,2010,MD025,Group-Phase,E,第２節,6/19(土)13:30,オランダ,netherlands,日本,japan,Moses Mabhida Stadium,1,0,,,,,,2026/3/13
WC-2010-MD026,cameroon-vs-denmark,WC,2010,MD026,Group-Phase,E,第２節,6/19(土)20:30,カメルーン,cameroon,デンマーク,denmark,Loftus Versfeld Stadium,1,2,,,,,,2026/3/13
WC-2010-MD027,slovakia-vs-paraguay,WC,2010,MD027,Group-Phase,F,第２節,6/20(日)13:30,スロバキア,slovakia,パラグアイ,paraguay,Free State Stadium,0,2,,,,,,2026/3/13
WC-2010-MD028,italy-vs-new-zealand,WC,2010,MD028,Group-Phase,F,第２節,6/20(日)16:00,イタリア,italy,ニュージーランド,new-zealand,Mbombela Stadium,1,1,,,,,,2026/3/13
WC-2010-MD029,brazil-vs-cote-divoire,WC,2010,MD029,Group-Phase,G,第２節,6/20(日)20:30,ブラジル,brazil,コートジボワール,cote-divoire,Soccer City,3,1,,,,,,2026/3/13
WC-2010-MD030,portugal-vs-north-korea,WC,2010,MD030,Group-Phase,G,第２節,6/21(月)13:30,ポルトガル,portugal,北朝鮮,north-korea,Green Point Stadium,7,0,,,,,,2026/3/13
WC-2010-MD031,chile-vs-switzerland,WC,2010,MD031,Group-Phase,H,第２節,6/21(月)16:00,チリ,chile,スイス,switzerland,Nelson Mandela Bay Stadium,1,0,,,,,,2026/3/13
WC-2010-MD032,spain-vs-honduras,WC,2010,MD032,Group-Phase,H,第２節,6/21(月)20:30,スペイン,spain,ホンジュラス,honduras,Ellis Park Stadium,2,0,,,,,,2026/3/13
WC-2010-MD033,mexico-vs-uruguay,WC,2010,MD033,Group-Phase,A,第３節,6/22(火)16:00,メキシコ,mexico,ウルグアイ,uruguay,Royal Bafokeng Stadium,0,1,,,,,,2026/3/13
WC-2010-MD034,france-vs-south-africa,WC,2010,MD034,Group-Phase,A,第３節,6/22(火)16:00,フランス,france,南アフリカ,south-africa,Free State Stadium,1,2,,,,,,2026/3/13
WC-2010-MD035,nigeria-vs-south-korea,WC,2010,MD035,Group-Phase,B,第３節,6/22(火)20:30,ナイジェリア,nigeria,韓国,south-korea,Moses Mabhida Stadium,2,2,,,,,,2026/3/13
WC-2010-MD036,greece-vs-argentina,WC,2010,MD036,Group-Phase,B,第３節,6/22(火)20:30,ギリシャ,greece,アルゼンチン,argentina,Peter Mokaba Stadium,0,2,,,,,,2026/3/13
WC-2010-MD037,slovenia-vs-england,WC,2010,MD037,Group-Phase,C,第３節,6/23(水)16:00,スロベニア,slovenia,イングランド,england,Nelson Mandela Bay Stadium,0,1,,,,,,2026/3/13
WC-2010-MD038,usa-vs-algeria,WC,2010,MD038,Group-Phase,C,第３節,6/23(水)16:00,アメリカ,usa,アルジェリア,algeria,Loftus Versfeld Stadium,1,0,,,,,,2026/3/13
WC-2010-MD039,ghana-vs-germany,WC,2010,MD039,Group-Phase,D,第３節,6/23(水)20:30,ガーナ,ghana,ドイツ,germany,Soccer City,0,1,,,,,,2026/3/13
WC-2010-MD040,australia-vs-serbia,WC,2010,MD040,Group-Phase,D,第３節,6/23(水)20:30,オーストラリア,australia,セルビア,serbia,Mbombela Stadium,2,1,,,,,,2026/3/13
WC-2010-MD041,japan-vs-denmark,WC,2010,MD041,Group-Phase,E,第３節,6/24(木)20:30,日本,japan,デンマーク,denmark,Royal Bafokeng Stadium,3,1,,,,,,2026/3/13
WC-2010-MD042,cameroon-vs-netherlands,WC,2010,MD042,Group-Phase,E,第３節,6/24(木)20:30,カメルーン,cameroon,オランダ,netherlands,Green Point Stadium,1,2,,,,,,2026/3/13
WC-2010-MD043,slovakia-vs-italy,WC,2010,MD043,Group-Phase,F,第３節,6/24(木)16:00,スロバキア,slovakia,イタリア,italy,Ellis Park Stadium,3,2,,,,,,2026/3/13
WC-2010-MD044,paraguay-vs-new-zealand,WC,2010,MD044,Group-Phase,F,第３節,6/24(木)16:00,パラグアイ,paraguay,ニュージーランド,new-zealand,Peter Mokaba Stadium,0,0,,,,,,2026/3/13
WC-2010-MD045,portugal-vs-brazil,WC,2010,MD045,Group-Phase,G,第３節,6/25(金)16:00,ポルトガル,portugal,ブラジル,brazil,Moses Mabhida Stadium,0,0,,,,,,2026/3/13
WC-2010-MD046,north-korea-vs-cote-divoire,WC,2010,MD046,Group-Phase,G,第３節,6/25(金)16:00,北朝鮮,north-korea,コートジボワール,cote-divoire,Nelson Mandela Bay Stadium,0,3,,,,,,2026/3/13
WC-2010-MD047,chile-vs-spain,WC,2010,MD047,Group-Phase,H,第３節,6/25(金)20:30,チリ,chile,スペイン,spain,Loftus Versfeld Stadium,1,2,,,,,,2026/3/13
WC-2010-MD048,switzerland-vs-honduras,WC,2010,MD048,Group-Phase,H,第３節,6/25(金)20:30,スイス,switzerland,ホンジュラス,honduras,Free State Stadium,0,0,,,,,,2026/3/13
WC-2010-MD049,uruguay-vs-south-korea,WC,2010,MD049,Round-16,,ラウンド16,6/26(土)16:00,ウルグアイ,uruguay,韓国,south-korea,Nelson Mandela Bay Stadium,2,1,,,,,,2026/3/13
WC-2010-MD050,usa-vs-ghana,WC,2010,MD050,Round-16,,ラウンド16,6/26(土)20:30,アメリカ,usa,ガーナ,ghana,Royal Bafokeng Stadium,1,2,,,,,延長,2026/3/13
WC-2010-MD051,germany-vs-england,WC,2010,MD051,Round-16,,ラウンド16,6/27(日)16:00,ドイツ,germany,イングランド,england,Free State Stadium,4,1,,,,,,2026/3/13
WC-2010-MD052,argentina-vs-mexico,WC,2010,MD052,Round-16,,ラウンド16,6/27(日)20:30,アルゼンチン,argentina,メキシコ,mexico,Soccer City,3,1,,,,,,2026/3/13
WC-2010-MD053,netherlands-vs-slovakia,WC,2010,MD053,Round-16,,ラウンド16,6/28(月)16:00,オランダ,netherlands,スロバキア,slovakia,Moses Mabhida Stadium,2,1,,,,,,2026/3/13
WC-2010-MD054,brazil-vs-chile,WC,2010,MD054,Round-16,,ラウンド16,6/28(月)20:30,ブラジル,brazil,チリ,chile,Ellis Park Stadium,3,0,,,,,,2026/3/13
WC-2010-MD055,paraguay-vs-japan,WC,2010,MD055,Round-16,,ラウンド16,6/29(火)16:00,パラグアイ,paraguay,日本,japan,Loftus Versfeld Stadium,0,0,5,3,,,延長・PK戦,2026/3/13
WC-2010-MD056,spain-vs-portugal,WC,2010,MD056,Round-16,,ラウンド16,6/29(火)20:30,スペイン,spain,ポルトガル,portugal,Green Point Stadium,1,0,,,,,,2026/3/13
WC-2010-MD057,netherlands-vs-brazil,WC,2010,MD057,Quarter-Final,,準々決勝,7/2(金)16:00,オランダ,netherlands,ブラジル,brazil,Nelson Mandela Bay Stadium,2,1,,,,,,2026/3/13
WC-2010-MD058,uruguay-vs-ghana,WC,2010,MD058,Quarter-Final,,準々決勝,7/2(金)20:30,ウルグアイ,uruguay,ガーナ,ghana,Soccer City,1,1,4,2,,,延長・PK戦,2026/3/13
WC-2010-MD059,argentina-vs-germany,WC,2010,MD059,Quarter-Final,,準々決勝,7/3(土)16:00,アルゼンチン,argentina,ドイツ,germany,Green Point Stadium,0,4,,,,,,2026/3/13
WC-2010-MD060,paraguay-vs-spain,WC,2010,MD060,Quarter-Final,,準々決勝,7/3(土)20:30,パラグアイ,paraguay,スペイン,spain,Ellis Park Stadium,0,1,,,,,,2026/3/13
WC-2010-MD061,uruguay-vs-netherlands,WC,2010,MD061,Semi-Final,,準決勝,7/6(火)20:30,ウルグアイ,uruguay,オランダ,netherlands,Green Point Stadium,2,3,,,,,,2026/3/13
WC-2010-MD062,germany-vs-spain,WC,2010,MD062,Semi-Final,,準決勝,7/7(水)20:30,ドイツ,germany,スペイン,spain,Moses Mabhida Stadium,0,1,,,,,,2026/3/13
WC-2010-MD063,uruguay-vs-germany,WC,2010,MD063,Third-Place,,3位決定戦,7/10(土)20:30,ウルグアイ,uruguay,ドイツ,germany,Nelson Mandela Bay Stadium,2,3,,,,,,2026/3/13
WC-2010-MD064,netherlands-vs-spain,WC,2010,MD064,Final,,決勝,7/11(日)20:30,オランダ,netherlands,スペイン,spain,Soccer City,0,1,,,,,延長,2026/3/13
WC-2006-MD001,germany-vs-costa-rica,WC,2006,MD001,Group-Phase,A,第１節,6/9(金)18:00,ドイツ,germany,コスタリカ,costa-rica,FIFA World Cup Stadium Munich,4,2,,,,,,2026/3/13
WC-2006-MD002,poland-vs-ecuador,WC,2006,MD002,Group-Phase,A,第１節,6/9(金)21:00,ポーランド,poland,エクアドル,ecuador,FIFA World Cup Stadium Gelsenkirchen,0,2,,,,,,2026/3/13
WC-2006-MD003,england-vs-paraguay,WC,2006,MD003,Group-Phase,B,第１節,6/10(土)15:00,イングランド,england,パラグアイ,paraguay,FIFA World Cup Stadium Frankfurt,1,0,,,,,,2026/3/13
WC-2006-MD004,trinidad-and-tobago-vs-sweden,WC,2006,MD004,Group-Phase,B,第１節,6/10(土)18:00,トリニダード・トバゴ,trinidad-and-tobago,スウェーデン,sweden,FIFA World Cup Stadium Dortmund,0,0,,,,,,2026/3/13
WC-2006-MD005,argentina-vs-cote-divoire,WC,2006,MD005,Group-Phase,C,第１節,6/10(土)21:00,アルゼンチン,argentina,コートジボワール,cote-divoire,FIFA World Cup Stadium Hamburg,2,1,,,,,,2026/3/13
WC-2006-MD006,serbia-and-montenegro-vs-netherlands,WC,2006,MD006,Group-Phase,C,第１節,6/11(日)15:00,セルビア・モンテネグロ,serbia-and-montenegro,オランダ,netherlands,FIFA World Cup Stadium Leipzig,0,1,,,,,,2026/3/13
WC-2006-MD007,mexico-vs-iran,WC,2006,MD007,Group-Phase,D,第１節,6/11(日)18:00,メキシコ,mexico,イラン,iran,FIFA World Cup Stadium Nuremberg,3,1,,,,,,2026/3/13
WC-2006-MD008,angola-vs-portugal,WC,2006,MD008,Group-Phase,D,第１節,6/11(日)21:00,アンゴラ,angola,ポルトガル,portugal,FIFA World Cup Stadium Cologne,0,1,,,,,,2026/3/13
WC-2006-MD009,australia-vs-japan,WC,2006,MD009,Group-Phase,E,第１節,6/12(月)15:00,オーストラリア,australia,日本,japan,FIFA World Cup Stadium Kaiserslautern,3,1,,,,,,2026/3/13
WC-2006-MD010,usa-vs-czechia,WC,2006,MD010,Group-Phase,E,第１節,6/12(月)18:00,アメリカ,usa,チェコ,czechia,FIFA World Cup Stadium Gelsenkirchen,0,3,,,,,,2026/3/13
WC-2006-MD011,italy-vs-ghana,WC,2006,MD011,Group-Phase,F,第１節,6/12(月)21:00,イタリア,italy,ガーナ,ghana,FIFA World Cup Stadium Hanover,2,0,,,,,,2026/3/13
WC-2006-MD012,south-korea-vs-togo,WC,2006,MD012,Group-Phase,F,第１節,6/13(火)15:00,韓国,south-korea,トーゴ,togo,FIFA World Cup Stadium Frankfurt,2,1,,,,,,2026/3/13
WC-2006-MD013,france-vs-switzerland,WC,2006,MD013,Group-Phase,G,第１節,6/13(火)18:00,フランス,france,スイス,switzerland,FIFA World Cup Stadium Stuttgart,0,0,,,,,,2026/3/13
WC-2006-MD014,brazil-vs-croatia,WC,2006,MD014,Group-Phase,G,第１節,6/13(火)21:00,ブラジル,brazil,クロアチア,croatia,FIFA World Cup Stadium Berlin,1,0,,,,,,2026/3/13
WC-2006-MD015,spain-vs-ukraine,WC,2006,MD015,Group-Phase,H,第１節,6/14(水)15:00,スペイン,spain,ウクライナ,ukraine,FIFA World Cup Stadium Leipzig,4,0,,,,,,2026/3/13
WC-2006-MD016,tunisia-vs-saudi-arabia,WC,2006,MD016,Group-Phase,H,第１節,6/14(水)18:00,チュニジア,tunisia,サウジアラビア,saudi-arabia,FIFA World Cup Stadium Munich,2,2,,,,,,2026/3/13
WC-2006-MD017,germany-vs-poland,WC,2006,MD017,Group-Phase,A,第２節,6/14(水)21:00,ドイツ,germany,ポーランド,poland,FIFA World Cup Stadium Dortmund,1,0,,,,,,2026/3/13
WC-2006-MD018,ecuador-vs-costa-rica,WC,2006,MD018,Group-Phase,A,第２節,6/15(木)15:00,エクアドル,ecuador,コスタリカ,costa-rica,FIFA World Cup Stadium Hamburg,3,0,,,,,,2026/3/13
WC-2006-MD019,england-vs-trinidad-and-tobago,WC,2006,MD019,Group-Phase,B,第２節,6/15(木)18:00,イングランド,england,トリニダード・トバゴ,trinidad-and-tobago,FIFA World Cup Stadium Nuremberg,2,0,,,,,,2026/3/13
WC-2006-MD020,sweden-vs-paraguay,WC,2006,MD020,Group-Phase,B,第２節,6/15(木)21:00,スウェーデン,sweden,パラグアイ,paraguay,FIFA World Cup Stadium Berlin,1,0,,,,,,2026/3/13
WC-2006-MD021,argentina-vs-serbia-and-montenegro,WC,2006,MD021,Group-Phase,C,第２節,6/16(金)15:00,アルゼンチン,argentina,セルビア・モンテネグロ,serbia-and-montenegro,FIFA World Cup Stadium Gelsenkirchen,6,0,,,,,,2026/3/13
WC-2006-MD022,netherlands-vs-cote-divoire,WC,2006,MD022,Group-Phase,C,第２節,6/16(金)18:00,オランダ,netherlands,コートジボワール,cote-divoire,FIFA World Cup Stadium Stuttgart,2,1,,,,,,2026/3/13
WC-2006-MD023,mexico-vs-angola,WC,2006,MD023,Group-Phase,D,第２節,6/16(金)21:00,メキシコ,mexico,アンゴラ,angola,FIFA World Cup Stadium Hanover,0,0,,,,,,2026/3/13
WC-2006-MD024,portugal-vs-iran,WC,2006,MD024,Group-Phase,D,第２節,6/17(土)15:00,ポルトガル,portugal,イラン,iran,FIFA World Cup Stadium Frankfurt,2,0,,,,,,2026/3/13
WC-2006-MD025,czechia-vs-ghana,WC,2006,MD025,Group-Phase,E,第２節,6/17(土)18:00,チェコ,czechia,ガーナ,ghana,FIFA World Cup Stadium Cologne,0,2,,,,,,2026/3/13
WC-2006-MD026,italy-vs-usa,WC,2006,MD026,Group-Phase,E,第２節,6/17(土)21:00,イタリア,italy,アメリカ,usa,FIFA World Cup Stadium Kaiserslautern,1,1,,,,,,2026/3/13
WC-2006-MD027,brazil-vs-australia,WC,2006,MD027,Group-Phase,F,第２節,6/18(日)15:00,ブラジル,brazil,オーストラリア,australia,FIFA World Cup Stadium Munich,2,0,,,,,,2026/3/13
WC-2006-MD028,japan-vs-croatia,WC,2006,MD028,Group-Phase,F,第２節,6/18(日)18:00,日本,japan,クロアチア,croatia,FIFA World Cup Stadium Nuremberg,0,0,,,,,,2026/3/13
WC-2006-MD029,france-vs-south-korea,WC,2006,MD029,Group-Phase,G,第２節,6/18(日)21:00,フランス,france,韓国,south-korea,FIFA World Cup Stadium Leipzig,1,1,,,,,,2026/3/13
WC-2006-MD030,togo-vs-switzerland,WC,2006,MD030,Group-Phase,G,第２節,6/19(月)15:00,トーゴ,togo,スイス,switzerland,FIFA World Cup Stadium Dortmund,0,2,,,,,,2026/3/13
WC-2006-MD031,saudi-arabia-vs-ukraine,WC,2006,MD031,Group-Phase,H,第２節,6/19(月)18:00,サウジアラビア,saudi-arabia,ウクライナ,ukraine,FIFA World Cup Stadium Hamburg,0,4,,,,,,2026/3/13
WC-2006-MD032,spain-vs-tunisia,WC,2006,MD032,Group-Phase,H,第２節,6/19(月)21:00,スペイン,spain,チュニジア,tunisia,FIFA World Cup Stadium Stuttgart,3,1,,,,,,2026/3/13
WC-2006-MD033,ecuador-vs-germany,WC,2006,MD033,Group-Phase,A,第３節,6/20(火)16:00,エクアドル,ecuador,ドイツ,germany,FIFA World Cup Stadium Berlin,0,3,,,,,,2026/3/13
WC-2006-MD034,costa-rica-vs-poland,WC,2006,MD034,Group-Phase,A,第３節,6/20(火)16:00,コスタリカ,costa-rica,ポーランド,poland,FIFA World Cup Stadium Hanover,1,2,,,,,,2026/3/13
WC-2006-MD035,sweden-vs-england,WC,2006,MD035,Group-Phase,B,第３節,6/20(火)21:00,スウェーデン,sweden,イングランド,england,FIFA World Cup Stadium Cologne,2,2,,,,,,2026/3/13
WC-2006-MD036,paraguay-vs-trinidad-and-tobago,WC,2006,MD036,Group-Phase,B,第３節,6/20(火)21:00,パラグアイ,paraguay,トリニダード・トバゴ,trinidad-and-tobago,FIFA World Cup Stadium Kaiserslautern,2,0,,,,,,2026/3/13
WC-2006-MD037,netherlands-vs-argentina,WC,2006,MD037,Group-Phase,C,第３節,6/21(水)16:00,オランダ,netherlands,アルゼンチン,argentina,FIFA World Cup Stadium Frankfurt,0,0,,,,,,2026/3/13
WC-2006-MD038,cote-divoire-vs-serbia-and-montenegro,WC,2006,MD038,Group-Phase,C,第３節,6/21(水)16:00,コートジボワール,cote-divoire,セルビア・モンテネグロ,serbia-and-montenegro,FIFA World Cup Stadium Munich,3,2,,,,,,2026/3/13
WC-2006-MD039,portugal-vs-mexico,WC,2006,MD039,Group-Phase,D,第３節,6/21(水)21:00,ポルトガル,portugal,メキシコ,mexico,FIFA World Cup Stadium Gelsenkirchen,2,1,,,,,,2026/3/13
WC-2006-MD040,iran-vs-angola,WC,2006,MD040,Group-Phase,D,第３節,6/21(水)21:00,イラン,iran,アンゴラ,angola,FIFA World Cup Stadium Leipzig,1,1,,,,,,2026/3/13
WC-2006-MD041,czechia-vs-italy,WC,2006,MD041,Group-Phase,E,第３節,6/22(木)16:00,チェコ,czechia,イタリア,italy,FIFA World Cup Stadium Hamburg,0,2,,,,,,2026/3/13
WC-2006-MD042,ghana-vs-usa,WC,2006,MD042,Group-Phase,E,第３節,6/22(木)16:00,ガーナ,ghana,アメリカ,usa,FIFA World Cup Stadium Nuremberg,2,1,,,,,,2026/3/13
WC-2006-MD043,croatia-vs-australia,WC,2006,MD043,Group-Phase,F,第３節,6/22(木)21:00,クロアチア,croatia,オーストラリア,australia,FIFA World Cup Stadium Stuttgart,2,2,,,,,,2026/3/13
WC-2006-MD044,japan-vs-brazil,WC,2006,MD044,Group-Phase,F,第３節,6/22(木)21:00,日本,japan,ブラジル,brazil,FIFA World Cup Stadium Dortmund,1,4,,,,,,2026/3/13
WC-2006-MD045,togo-vs-france,WC,2006,MD045,Group-Phase,G,第３節,6/23(金)16:00,トーゴ,togo,フランス,france,FIFA World Cup Stadium Cologne,0,2,,,,,,2026/3/13
WC-2006-MD046,switzerland-vs-south-korea,WC,2006,MD046,Group-Phase,G,第３節,6/23(金)16:00,スイス,switzerland,韓国,south-korea,FIFA World Cup Stadium Hanover,2,0,,,,,,2026/3/13
WC-2006-MD047,saudi-arabia-vs-spain,WC,2006,MD047,Group-Phase,H,第３節,6/23(金)21:00,サウジアラビア,saudi-arabia,スペイン,spain,FIFA World Cup Stadium Kaiserslautern,0,1,,,,,,2026/3/13
WC-2006-MD048,ukraine-vs-tunisia,WC,2006,MD048,Group-Phase,H,第３節,6/23(金)21:00,ウクライナ,ukraine,チュニジア,tunisia,FIFA World Cup Stadium Berlin,1,0,,,,,,2026/3/13
WC-2006-MD049,germany-vs-sweden,WC,2006,MD049,Round-16,,ラウンド16,6/24(土)17:00,ドイツ,germany,スウェーデン,sweden,FIFA World Cup Stadium Munich,2,0,,,,,,2026/3/13
WC-2006-MD050,argentina-vs-mexico,WC,2006,MD050,Round-16,,ラウンド16,6/24(土)21:00,アルゼンチン,argentina,メキシコ,mexico,FIFA World Cup Stadium Leipzig,2,1,,,,,延長,2026/3/13
WC-2006-MD051,england-vs-ecuador,WC,2006,MD051,Round-16,,ラウンド16,6/25(日)17:00,イングランド,england,エクアドル,ecuador,FIFA World Cup Stadium Stuttgart,1,0,,,,,,2026/3/13
WC-2006-MD052,portugal-vs-netherlands,WC,2006,MD052,Round-16,,ラウンド16,6/25(日)21:00,ポルトガル,portugal,オランダ,netherlands,FIFA World Cup Stadium Nuremberg,1,0,,,,,,2026/3/13
WC-2006-MD053,italy-vs-australia,WC,2006,MD053,Round-16,,ラウンド16,6/26(月)17:00,イタリア,italy,オーストラリア,australia,FIFA World Cup Stadium Kaiserslautern,1,0,,,,,,2026/3/13
WC-2006-MD054,switzerland-vs-ukraine,WC,2006,MD054,Round-16,,ラウンド16,6/26(月)21:00,スイス,switzerland,ウクライナ,ukraine,FIFA World Cup Stadium Cologne,0,0,0,3,,,延長・PK戦,2026/3/13
WC-2006-MD055,brazil-vs-ghana,WC,2006,MD055,Round-16,,ラウンド16,6/27(火)17:00,ブラジル,brazil,ガーナ,ghana,FIFA World Cup Stadium Dortmund,3,0,,,,,,2026/3/13
WC-2006-MD056,spain-vs-france,WC,2006,MD056,Round-16,,ラウンド16,6/27(火)21:00,スペイン,spain,フランス,france,FIFA World Cup Stadium Hanover,1,3,,,,,,2026/3/13
WC-2006-MD057,germany-vs-argentina,WC,2006,MD057,Quarter-Final,,準々決勝,6/30(金)17:00,ドイツ,germany,アルゼンチン,argentina,FIFA World Cup Stadium Berlin,1,1,4,2,,,延長・PK戦,2026/3/13
WC-2006-MD058,italy-vs-ukraine,WC,2006,MD058,Quarter-Final,,準々決勝,6/30(金)21:00,イタリア,italy,ウクライナ,ukraine,FIFA World Cup Stadium Hamburg,3,0,,,,,,2026/3/13
WC-2006-MD059,england-vs-portugal,WC,2006,MD059,Quarter-Final,,準々決勝,7/1(土)17:00,イングランド,england,ポルトガル,portugal,FIFA World Cup Stadium Gelsenkirchen,0,0,1,3,,,延長・PK戦,2026/3/13
WC-2006-MD060,brazil-vs-france,WC,2006,MD060,Quarter-Final,,準々決勝,7/1(土)21:00,ブラジル,brazil,フランス,france,FIFA World Cup Stadium Frankfurt,0,1,,,,,,2026/3/13
WC-2006-MD061,germany-vs-italy,WC,2006,MD061,Semi-Final,,準決勝,7/4(火)21:00,ドイツ,germany,イタリア,italy,FIFA World Cup Stadium Dortmund,0,2,,,,,延長,2026/3/13
WC-2006-MD062,portugal-vs-france,WC,2006,MD062,Semi-Final,,準決勝,7/5(水)21:00,ポルトガル,portugal,フランス,france,FIFA World Cup Stadium Munich,0,1,,,,,,2026/3/13
WC-2006-MD063,germany-vs-portugal,WC,2006,MD063,Third-Place,,3位決定戦,7/8(土)21:00,ドイツ,germany,ポルトガル,portugal,FIFA World Cup Stadium Stuttgart,3,1,,,,,,2026/3/13
WC-2006-MD064,italy-vs-france,WC,2006,MD064,Final,,決勝,7/9(日)20:00,イタリア,italy,フランス,france,Olympiastadion Berlin,1,1,5,3,,,延長・PK戦,2026/3/13
WC-2002-MD001,france-vs-senegal,WC,2002,MD001,Group-Phase,A,第１節,5/31(金)20:30,フランス,france,セネガル,senegal,Seoul World Cup Stadium,0,1,,,,,,2026/3/13
WC-2002-MD002,ireland-vs-cameroon,WC,2002,MD002,Group-Phase,E,第１節,6/1(土)15:30,アイルランド,ireland,カメルーン,cameroon,Niigata Stadium,1,1,,,,,,2026/3/13
WC-2002-MD003,germany-vs-saudi-arabia,WC,2002,MD003,Group-Phase,E,第１節,6/1(土)20:30,ドイツ,germany,サウジアラビア,saudi-arabia,Sapporo Dome,8,0,,,,,,2026/3/13
WC-2002-MD004,denmark-vs-uruguay,WC,2002,MD004,Group-Phase,A,第１節,6/1(土)18:00,デンマーク,denmark,ウルグアイ,uruguay,Ulsan Munsu Football Stadium,2,1,,,,,,2026/3/13
WC-2002-MD005,paraguay-vs-south-africa,WC,2002,MD005,Group-Phase,B,第１節,6/2(日)15:30,パラグアイ,paraguay,南アフリカ,south-africa,Busan Asiad Main Stadium,2,2,,,,,,2026/3/13
WC-2002-MD006,slovenia-vs-spain,WC,2002,MD006,Group-Phase,B,第１節,6/2(日)18:30,スロベニア,slovenia,スペイン,spain,Gwangju World Cup Stadium,1,3,,,,,,2026/3/13
WC-2002-MD007,argentina-vs-nigeria,WC,2002,MD007,Group-Phase,F,第１節,6/2(日)20:30,アルゼンチン,argentina,ナイジェリア,nigeria,Ibaraki Kashima Stadium,1,0,,,,,,2026/3/13
WC-2002-MD008,england-vs-sweden,WC,2002,MD008,Group-Phase,F,第１節,6/2(日)18:00,イングランド,england,スウェーデン,sweden,Saitama Stadium 2002,1,1,,,,,,2026/3/13
WC-2002-MD009,brazil-vs-turkey,WC,2002,MD009,Group-Phase,C,第１節,6/3(月)15:30,ブラジル,brazil,トルコ,turkey,Ulsan Munsu Football Stadium,2,1,,,,,,2026/3/13
WC-2002-MD010,china-vs-costa-rica,WC,2002,MD010,Group-Phase,C,第１節,6/3(月)20:30,中国,china,コスタリカ,costa-rica,Gwangju World Cup Stadium,0,2,,,,,,2026/3/13
WC-2002-MD011,south-korea-vs-poland,WC,2002,MD011,Group-Phase,D,第１節,6/4(火)15:30,韓国,south-korea,ポーランド,poland,Busan Asiad Main Stadium,2,0,,,,,,2026/3/13
WC-2002-MD012,usa-vs-portugal,WC,2002,MD012,Group-Phase,D,第１節,6/4(火)20:30,アメリカ,usa,ポルトガル,portugal,Suwon World Cup Stadium,3,2,,,,,,2026/3/13
WC-2002-MD013,croatia-vs-mexico,WC,2002,MD013,Group-Phase,G,第１節,6/3(月)18:00,クロアチア,croatia,メキシコ,mexico,Niigata Stadium,0,1,,,,,,2026/3/13
WC-2002-MD014,italy-vs-ecuador,WC,2002,MD014,Group-Phase,G,第１節,6/3(月)15:30,イタリア,italy,エクアドル,ecuador,Sapporo Dome,2,0,,,,,,2026/3/13
WC-2002-MD015,japan-vs-belgium,WC,2002,MD015,Group-Phase,H,第１節,6/4(火)18:00,日本,japan,ベルギー,belgium,Saitama Stadium 2002,2,2,,,,,,2026/3/13
WC-2002-MD016,russia-vs-tunisia,WC,2002,MD016,Group-Phase,H,第１節,6/5(水)15:30,ロシア,russia,チュニジア,tunisia,Kobe Wing Stadium,2,0,,,,,,2026/3/13
WC-2002-MD017,denmark-vs-senegal,WC,2002,MD017,Group-Phase,A,第２節,6/6(木)15:30,デンマーク,denmark,セネガル,senegal,Daegu World Cup Stadium,1,1,,,,,,2026/3/13
WC-2002-MD018,france-vs-uruguay,WC,2002,MD018,Group-Phase,A,第２節,6/6(木)18:00,フランス,france,ウルグアイ,uruguay,Busan Asiad Main Stadium,0,0,,,,,,2026/3/13
WC-2002-MD019,cameroon-vs-saudi-arabia,WC,2002,MD019,Group-Phase,E,第２節,6/6(木)20:30,カメルーン,cameroon,サウジアラビア,saudi-arabia,Saitama Stadium 2002,1,0,,,,,,2026/3/13
WC-2002-MD020,germany-vs-ireland,WC,2002,MD020,Group-Phase,E,第２節,6/5(水)18:00,ドイツ,germany,アイルランド,ireland,Ibaraki Kashima Stadium,1,1,,,,,,2026/3/13
WC-2002-MD021,spain-vs-paraguay,WC,2002,MD021,Group-Phase,B,第２節,6/8(土)15:30,スペイン,spain,パラグアイ,paraguay,Jeonju World Cup Stadium,3,1,,,,,,2026/3/13
WC-2002-MD022,south-africa-vs-slovenia,WC,2002,MD022,Group-Phase,B,第２節,6/8(土)20:30,南アフリカ,south-africa,スロベニア,slovenia,Daegu World Cup Stadium,1,0,,,,,,2026/3/13
WC-2002-MD023,sweden-vs-nigeria,WC,2002,MD023,Group-Phase,F,第２節,6/7(金)15:30,スウェーデン,sweden,ナイジェリア,nigeria,Kobe Wing Stadium,2,1,,,,,,2026/3/13
WC-2002-MD024,argentina-vs-england,WC,2002,MD024,Group-Phase,F,第２節,6/7(金)20:30,アルゼンチン,argentina,イングランド,england,Sapporo Dome,0,1,,,,,,2026/3/13
WC-2002-MD025,brazil-vs-china,WC,2002,MD025,Group-Phase,C,第２節,6/8(土)18:00,ブラジル,brazil,中国,china,Jeju World Cup Stadium,4,0,,,,,,2026/3/13
WC-2002-MD026,costa-rica-vs-turkey,WC,2002,MD026,Group-Phase,C,第２節,6/9(日)15:30,コスタリカ,costa-rica,トルコ,turkey,Incheon Munhak Stadium,1,1,,,,,,2026/3/13
WC-2002-MD027,south-korea-vs-usa,WC,2002,MD027,Group-Phase,D,第２節,6/10(月)15:30,韓国,south-korea,アメリカ,usa,Daegu World Cup Stadium,1,1,,,,,,2026/3/13
WC-2002-MD028,portugal-vs-poland,WC,2002,MD028,Group-Phase,D,第２節,6/10(月)20:30,ポルトガル,portugal,ポーランド,poland,Jeonju World Cup Stadium,4,0,,,,,,2026/3/13
WC-2002-MD029,italy-vs-croatia,WC,2002,MD029,Group-Phase,G,第２節,6/8(土)20:30,イタリア,italy,クロアチア,croatia,Ibaraki Kashima Stadium,1,2,,,,,,2026/3/13
WC-2002-MD030,mexico-vs-ecuador,WC,2002,MD030,Group-Phase,G,第２節,6/9(日)18:00,メキシコ,mexico,エクアドル,ecuador,Miyagi Stadium,2,1,,,,,,2026/3/13
WC-2002-MD031,japan-vs-russia,WC,2002,MD031,Group-Phase,H,第２節,6/9(日)20:30,日本,japan,ロシア,russia,Yokohama International Stadium,1,0,,,,,,2026/3/13
WC-2002-MD032,tunisia-vs-belgium,WC,2002,MD032,Group-Phase,H,第２節,6/10(月)18:00,チュニジア,tunisia,ベルギー,belgium,Oita Stadium,1,1,,,,,,2026/3/13
WC-2002-MD033,denmark-vs-france,WC,2002,MD033,Group-Phase,A,第３節,6/11(火)15:30,デンマーク,denmark,フランス,france,Incheon Munhak Stadium,2,0,,,,,,2026/3/13
WC-2002-MD034,senegal-vs-uruguay,WC,2002,MD034,Group-Phase,A,第３節,6/11(火)15:30,セネガル,senegal,ウルグアイ,uruguay,Suwon World Cup Stadium,3,3,,,,,,2026/3/13
WC-2002-MD035,cameroon-vs-germany,WC,2002,MD035,Group-Phase,E,第３節,6/11(火)20:30,カメルーン,cameroon,ドイツ,germany,Shizuoka Stadium Ecopa,0,2,,,,,,2026/3/13
WC-2002-MD036,ireland-vs-saudi-arabia,WC,2002,MD036,Group-Phase,E,第３節,6/11(火)20:30,アイルランド,ireland,サウジアラビア,saudi-arabia,Yokohama International Stadium,3,0,,,,,,2026/3/13
WC-2002-MD037,spain-vs-south-africa,WC,2002,MD037,Group-Phase,B,第３節,6/12(水)15:30,スペイン,spain,南アフリカ,south-africa,Daejeon World Cup Stadium,3,2,,,,,,2026/3/13
WC-2002-MD038,slovenia-vs-paraguay,WC,2002,MD038,Group-Phase,B,第３節,6/12(水)15:30,スロベニア,slovenia,パラグアイ,paraguay,Seogwipo World Cup Stadium,1,3,,,,,,2026/3/13
WC-2002-MD039,sweden-vs-argentina,WC,2002,MD039,Group-Phase,F,第３節,6/12(水)20:30,スウェーデン,sweden,アルゼンチン,argentina,Miyagi Stadium,1,1,,,,,,2026/3/13
WC-2002-MD040,nigeria-vs-england,WC,2002,MD040,Group-Phase,F,第３節,6/12(水)20:30,ナイジェリア,nigeria,イングランド,england,Nagai Stadium,0,0,,,,,,2026/3/13
WC-2002-MD041,costa-rica-vs-brazil,WC,2002,MD041,Group-Phase,C,第３節,6/13(木)15:30,コスタリカ,costa-rica,ブラジル,brazil,Suwon World Cup Stadium,2,5,,,,,,2026/3/13
WC-2002-MD042,turkey-vs-china,WC,2002,MD042,Group-Phase,C,第３節,6/13(木)15:30,トルコ,turkey,中国,china,Seoul World Cup Stadium,3,0,,,,,,2026/3/13
WC-2002-MD043,portugal-vs-south-korea,WC,2002,MD043,Group-Phase,D,第３節,6/14(金)15:30,ポルトガル,portugal,韓国,south-korea,Incheon Munhak Stadium,0,1,,,,,,2026/3/13
WC-2002-MD044,poland-vs-usa,WC,2002,MD044,Group-Phase,D,第３節,6/14(金)15:30,ポーランド,poland,アメリカ,usa,Daejeon World Cup Stadium,3,1,,,,,,2026/3/13
WC-2002-MD045,croatia-vs-ecuador,WC,2002,MD045,Group-Phase,G,第３節,6/13(木)20:30,クロアチア,croatia,エクアドル,ecuador,Yokohama International Stadium,0,1,,,,,,2026/3/13
WC-2002-MD046,mexico-vs-italy,WC,2002,MD046,Group-Phase,G,第３節,6/13(木)20:30,メキシコ,mexico,イタリア,italy,Oita Stadium,1,1,,,,,,2026/3/13
WC-2002-MD047,japan-vs-tunisia,WC,2002,MD047,Group-Phase,H,第３節,6/14(金)20:30,日本,japan,チュニジア,tunisia,Nagai Stadium,2,0,,,,,,2026/3/13
WC-2002-MD048,belgium-vs-russia,WC,2002,MD048,Group-Phase,H,第３節,6/14(金)20:30,ベルギー,belgium,ロシア,russia,Shizuoka Stadium Ecopa,3,2,,,,,,2026/3/13
WC-2002-MD049,germany-vs-paraguay,WC,2002,MD049,Round-16,,ラウンド16,6/15(土)15:30,ドイツ,germany,パラグアイ,paraguay,Jeju World Cup Stadium,1,0,,,,,,2026/3/13
WC-2002-MD050,denmark-vs-england,WC,2002,MD050,Round-16,,ラウンド16,6/15(土)20:30,デンマーク,denmark,イングランド,england,Niigata Stadium,0,3,,,,,,2026/3/13
WC-2002-MD051,sweden-vs-senegal,WC,2002,MD051,Round-16,,ラウンド16,6/16(日)15:30,スウェーデン,sweden,セネガル,senegal,Oita Stadium,1,2,,,,,延長,2026/3/13
WC-2002-MD052,spain-vs-ireland,WC,2002,MD052,Round-16,,ラウンド16,6/16(日)20:30,スペイン,spain,アイルランド,ireland,Suwon World Cup Stadium,1,1,3,2,,,延長・PK戦,2026/3/13
WC-2002-MD053,mexico-vs-usa,WC,2002,MD053,Round-16,,ラウンド16,6/17(月)15:30,メキシコ,mexico,アメリカ,usa,Jeonju World Cup Stadium,0,2,,,,,,2026/3/13
WC-2002-MD054,brazil-vs-belgium,WC,2002,MD054,Round-16,,ラウンド16,6/17(月)20:30,ブラジル,brazil,ベルギー,belgium,Kobe Wing Stadium,2,0,,,,,,2026/3/13
WC-2002-MD055,japan-vs-turkey,WC,2002,MD055,Round-16,,ラウンド16,6/18(火)15:30,日本,japan,トルコ,turkey,Miyagi Stadium,0,1,,,,,,2026/3/13
WC-2002-MD056,south-korea-vs-italy,WC,2002,MD056,Round-16,,ラウンド16,6/18(火)20:30,韓国,south-korea,イタリア,italy,Daejeon World Cup Stadium,2,1,,,,,延長,2026/3/13
WC-2002-MD057,england-vs-brazil,WC,2002,MD057,Quarter-Final,,準々決勝,6/21(金)15:30,イングランド,england,ブラジル,brazil,Shizuoka Stadium Ecopa,1,2,,,,,,2026/3/13
WC-2002-MD058,germany-vs-usa,WC,2002,MD058,Quarter-Final,,準々決勝,6/21(金)20:30,ドイツ,germany,アメリカ,usa,Munsu Cup Stadium,1,0,,,,,,2026/3/13
WC-2002-MD059,spain-vs-south-korea,WC,2002,MD059,Quarter-Final,,準々決勝,6/22(土)15:30,スペイン,spain,韓国,south-korea,Gwangju World Cup Stadium,0,0,3,5,,,延長・PK戦,2026/3/13
WC-2002-MD060,senegal-vs-turkey,WC,2002,MD060,Quarter-Final,,準々決勝,6/22(土)20:30,セネガル,senegal,トルコ,turkey,Nagai Stadium,0,1,,,,,延長,2026/3/13
WC-2002-MD061,south-korea-vs-germany,WC,2002,MD061,Semi-Final,,準決勝,6/25(火)20:30,韓国,south-korea,ドイツ,germany,Seoul World Cup Stadium,0,1,,,,,,2026/3/13
WC-2002-MD062,brazil-vs-turkey,WC,2002,MD062,Semi-Final,,準決勝,6/26(水)20:30,ブラジル,brazil,トルコ,turkey,Saitama Stadium 2002,1,0,,,,,,2026/3/13
WC-2002-MD063,south-korea-vs-turkey,WC,2002,MD063,Third-Place,,3位決定戦,6/29(土)20:00,韓国,south-korea,トルコ,turkey,Daegu World Cup Stadium,2,3,,,,,,2026/3/13
WC-2002-MD064,germany-vs-brazil,WC,2002,MD064,Final,,決勝,6/30(日)20:00,ドイツ,germany,ブラジル,brazil,Yokohama International Stadium,0,2,,,,,,2026/3/13
UCL-2025-26-PO-001,,UCL,2025-26,MD501,KPプレーオフ,,KP-PO 1st leg,2026-02-18,ガラタサライ,galatasaray,ユヴェントス,juventus,,5,2,,,,,,
UCL-2025-26-PO-002,,UCL,2025-26,MD502,KPプレーオフ,,KP-PO 1st leg,2026-02-18,モナコ,monaco,パリSG,paris-saint-germain,,2,3,,,,,,
UCL-2025-26-PO-003,,UCL,2025-26,MD503,KPプレーオフ,,KP-PO 1st leg,2026-02-18,ベンフィカ,benfica,レアル・マドリード,real-madrid,,0,1,,,,,,
UCL-2025-26-PO-004,,UCL,2025-26,MD504,KPプレーオフ,,KP-PO 1st leg,2026-02-18,ドルトムント,borussia-dortmund,アタランタ,atalanta,,2,0,,,,,,
UCL-2025-26-PO-005,,UCL,2025-26,MD505,KPプレーオフ,,KP-PO 1st leg,2026-02-19,カラバフ,karabakh,ニューカッスル,newcastle-united,,1,6,,,,,,
UCL-2025-26-PO-006,,UCL,2025-26,MD506,KPプレーオフ,,KP-PO 1st leg,2026-02-19,オリンピアコス,olympiacos,レバークーゼン,bayer-leverkusen,,0,2,,,,,,
UCL-2025-26-PO-007,,UCL,2025-26,MD507,KPプレーオフ,,KP-PO 1st leg,2026-02-19,ボデ/グリムト,bodø-glimt,インテル,inter,,3,1,,,,,,
UCL-2025-26-PO-008,,UCL,2025-26,MD508,KPプレーオフ,,KP-PO 1st leg,2026-02-19,クラブ・ブルッヘ,club-brugge,アトレティコ,atletico-madrid,,3,3,,,,,,
UCL-2025-26-PO-009,,UCL,2025-26,MD509,KPプレーオフ,,KP-PO 2nd leg,2026-02-25,アトレティコ,atletico-madrid,クラブ・ブルッヘ,club-brugge,,4,1,,,,,,
UCL-2025-26-PO-010,,UCL,2025-26,MD510,KPプレーオフ,,KP-PO 2nd leg,2026-02-25,ニューカッスル,newcastle-united,カラバフ,karabakh,,3,2,,,,,,
UCL-2025-26-PO-011,,UCL,2025-26,MD511,KPプレーオフ,,KP-PO 2nd leg,2026-02-25,レバークーゼン,bayer-leverkusen,オリンピアコス,olympiacos,,0,0,,,,,,
UCL-2025-26-PO-012,,UCL,2025-26,MD512,KPプレーオフ,,KP-PO 2nd leg,2026-02-25,インテル,inter,ボデ/グリムト,bodø-glimt,,1,2,,,,,,
UCL-2025-26-PO-013,,UCL,2025-26,MD513,KPプレーオフ,,KP-PO 2nd leg,2026-02-26,アタランタ,atalanta,ドルトムント,borussia-dortmund,,4,1,,,,,,
UCL-2025-26-PO-014,,UCL,2025-26,MD514,KPプレーオフ,,KP-PO 2nd leg,2026-02-26,ユヴェントス,juventus,ガラタサライ,galatasaray,,3,2,,,,,,
UCL-2025-26-PO-015,,UCL,2025-26,MD515,KPプレーオフ,,KP-PO 2nd leg,2026-02-26,パリSG,paris-saint-germain,モナコ,monaco,,2,2,,,,,,
UCL-2025-26-PO-016,,UCL,2025-26,MD516,KPプレーオフ,,KP-PO 2nd leg,2026-02-26,レアル・マドリード,real-madrid,ベンフィカ,benfica,,2,1,,,,,,
UCL-2025-26-R16-001,,UCL,2025-26,MD601,Round 16,,Round16 1st leg,2026-03-11,ガラタサライ,galatasaray,リヴァプール,liverpool,,1,0,,,,,,2026/05/31
UCL-2025-26-R16-002,,UCL,2025-26,MD602,Round 16,,Round16 1st leg,2026-03-11,ニューカッスル,newcastle-united,バルセロナ,barcelona,,1,1,,,,,,2026/05/31
UCL-2025-26-R16-003,,UCL,2025-26,MD603,Round 16,,Round16 1st leg,2026-03-11,アトレティコ,atletico-madrid,トッテナム,tottenham-hotspur,,5,2,,,,,,2026/05/31
UCL-2025-26-R16-004,,UCL,2025-26,MD604,Round 16,,Round16 1st leg,2026-03-11,アタランタ,atalanta,バイエルン,bayern-munich,,1,6,,,,,,2026/05/31
UCL-2025-26-R16-005,,UCL,2025-26,MD605,Round 16,,Round16 1st leg,2026-03-12,レバークーゼン,bayer-leverkusen,アーセナル,arsenal,,1,1,,,,,,2026/05/31
UCL-2025-26-R16-006,,UCL,2025-26,MD606,Round 16,,Round16 1st leg,2026-03-12,パリSG,paris-saint-germain,チェルシー,chelsea,,5,2,,,,,,2026/05/31
UCL-2025-26-R16-007,,UCL,2025-26,MD607,Round 16,,Round16 1st leg,2026-03-12,ボデ/グリムト,bodø-glimt,スポルティング,sporting,,3,0,,,,,,2026/05/31
UCL-2025-26-R16-008,,UCL,2025-26,MD608,Round 16,,Round16 1st leg,2026-03-12,レアル・マドリード,real-madrid,マンチェスター・シティ,manchester-city,,3,0,,,,,,2026/05/31
UCL-2025-26-R16-009,,UCL,2025-26,MD609,Round 16,,Round16 2nd leg,2026-03-18,スポルティング,sporting,ボデ/グリムト,bodø-glimt,,5,0,,,,,,2026/05/31
UCL-2025-26-R16-010,,UCL,2025-26,MD610,Round 16,,Round16 2nd leg,2026-03-18,チェルシー,chelsea,パリSG,paris-saint-germain,,0,3,,,,,,2026/05/31
UCL-2025-26-R16-011,,UCL,2025-26,MD611,Round 16,,Round16 2nd leg,2026-03-18,マンチェスター・シティ,manchester-city,レアル・マドリード,real-madrid,,1,2,,,,,,2026/05/31
UCL-2025-26-R16-012,,UCL,2025-26,MD612,Round 16,,Round16 2nd leg,2026-03-18,アーセナル,arsenal,レバークーゼン,bayer-leverkusen,,2,0,,,,,,2026/05/31
UCL-2025-26-R16-013,,UCL,2025-26,MD613,Round 16,,Round16 2nd leg,2026-03-19,バルセロナ,barcelona,ニューカッスル,newcastle-united,,7,2,,,,,,2026/05/31
UCL-2025-26-R16-014,,UCL,2025-26,MD614,Round 16,,Round16 2nd leg,2026-03-19,トッテナム,tottenham-hotspur,アトレティコ,atletico-madrid,,3,2,,,,,,2026/05/31
UCL-2025-26-R16-015,,UCL,2025-26,MD615,Round 16,,Round16 2nd leg,2026-03-19,リヴァプール,liverpool,ガラタサライ,galatasaray,,4,0,,,,,,2026/05/31
UCL-2025-26-R16-016,,UCL,2025-26,MD616,Round 16,,Round16 2nd leg,2026-03-19,バイエルン,bayern-munich,アタランタ,atalanta,,4,1,,,,,,2026/05/31
UCL-2025-26-R8-001,,UCL,2025-26,MD701,Quarter-Final,,準々決勝 1st leg,2026-04-08,レアル・マドリード,real-madrid,バイエルン,bayern-munich,,1,2,,,,,,2026/05/31
UCL-2025-26-R8-002,,UCL,2025-26,MD702,Quarter-Final,,準々決勝 1st leg,2026-04-08,スポルティング,sporting,アーセナル,arsenal,,0,1,,,,,,2026/05/31
UCL-2025-26-R8-003,,UCL,2025-26,MD703,Quarter-Final,,準々決勝 1st leg,2026-04-09,バルセロナ,barcelona,アトレティコ,atletico-madrid,,0,2,,,,,,2026/05/31
UCL-2025-26-R8-004,,UCL,2025-26,MD704,Quarter-Final,,準々決勝 1st leg,2026-04-09,パリSG,paris-saint-germain,リヴァプール,liverpool,,2,0,,,,,,2026/05/31
UCL-2025-26-R8-005,,UCL,2025-26,MD705,Quarter-Final,,準々決勝 2nd leg,2026-04-15,アトレティコ,atletico-madrid,バルセロナ,barcelona,,1,2,,,,,,2026/05/31
UCL-2025-26-R8-006,,UCL,2025-26,MD706,Quarter-Final,,準々決勝 2nd leg,2026-04-15,リヴァプール,liverpool,パリSG,paris-saint-germain,,0,2,,,,,,2026/05/31
UCL-2025-26-R8-007,,UCL,2025-26,MD707,Quarter-Final,,準々決勝 2nd leg,2026-04-16,バイエルン,bayern-munich,レアル・マドリード,real-madrid,,4,3,,,,,,2026/05/31
UCL-2025-26-R8-008,,UCL,2025-26,MD708,Quarter-Final,,準々決勝 2nd leg,2026-04-16,アーセナル,arsenal,スポルティング,sporting,,0,0,,,,,,2026/05/31
UCL-2025-26-SF001,,UCL,2025-26,MD801,Semi-Final,,準決勝 1st leg,2026-04-29,パリSG,paris-saint-germain,バイエルン,bayern-munich,,5,4,,,,,,2026/05/31
UCL-2025-26-SF002,,UCL,2025-26,MD802,Semi-Final,,準決勝 1st leg,2026-04-30,アトレティコ,atletico-madrid,アーセナル,arsenal,,1,1,,,,,,2026/05/31
UCL-2025-26-SF003,,UCL,2025-26,MD803,Semi-Final,,準決勝 2nd leg,2026-05-06,アーセナル,arsenal,アトレティコ,atletico-madrid,,1,0,,,,,,2026/05/31
UCL-2025-26-SF004,,UCL,2025-26,MD804,Semi-Final,,準決勝 2nd leg,2026-05-07,バイエルン,bayern-munich,パリSG,paris-saint-germain,,1,1,,,,,,2026/05/31
UCL-2025-26-F001,,UCL,2025-26,MD900,Final,,決勝,2026-05-31,パリSG,paris-saint-germain,アーセナル,arsenal,プシュカーシュ・アレーナ,1,1,4,3,,,決勝,2026/05/31
UCL-2024-25-PO-001,,UCL,2024-25,MD501,KPプレーオフ,,KP-PO 1st leg,2025/2/12,ブレスト,brest,パリSG,paris-saint-germain,,0,3,,,,,,2025/05/31
UCL-2024-25-PO-002,,UCL,2024-25,MD502,KPプレーオフ,,KP-PO 1st leg,2025/2/12,スポルティングCP,sporting,ドルトムント,borussia-dortmund,,0,3,,,,,,2025/05/31
UCL-2024-25-PO-003,,UCL,2024-25,MD503,KPプレーオフ,,KP-PO 1st leg,2025/2/12,ユヴェントス,juventus,PSV,psv,,2,1,,,,,,2025/05/31
UCL-2024-25-PO-004,,UCL,2024-25,MD504,KPプレーオフ,,KP-PO 1st leg,2025/2/12,マンC,manchester-city,レアル・マドリード,real-madrid,,2,3,,,,,,2025/05/31
UCL-2024-25-PO-005,,UCL,2024-25,MD505,KPプレーオフ,,KP-PO 1st leg,2025/2/13,クラブ・ブルッヘ,club-brugge,アタランタ,atalanta,,2,1,,,,,,2025/05/31
UCL-2024-25-PO-006,,UCL,2024-25,MD506,KPプレーオフ,,KP-PO 1st leg,2025/2/13,セルティック,celtic,バイエルン,bayern-munich,,1,2,,,,,,2025/05/31
UCL-2024-25-PO-007,,UCL,2024-25,MD507,KPプレーオフ,,KP-PO 1st leg,2025/2/13,モナコ,monaco,ベンフィカ,benfica,,0,1,,,,,,2025/05/31
UCL-2024-25-PO-008,,UCL,2024-25,MD508,KPプレーオフ,,KP-PO 1st leg,2025/2/13,フェイエノールト,feyenoord,ミラン,milan,,1,0,,,,,,2025/05/31
UCL-2024-25-PO-009,,UCL,2024-25,MD509,KPプレーオフ,,KP-PO 2nd leg,2025/2/19,ミラン,milan,フェイエノールト,feyenoord,,1,1,,,,,,2025/05/31
UCL-2024-25-PO-010,,UCL,2024-25,MD510,KPプレーオフ,,KP-PO 2nd leg,2025/2/19,ベンフィカ,benfica,モナコ,monaco,,3,3,,,,,,2025/05/31
UCL-2024-25-PO-011,,UCL,2024-25,MD511,KPプレーオフ,,KP-PO 2nd leg,2025/2/19,アタランタ,atalanta,クラブ・ブルッヘ,club-brugge,,1,3,,,,,,2025/05/31
UCL-2024-25-PO-012,,UCL,2024-25,MD512,KPプレーオフ,,KP-PO 2nd leg,2025/2/19,バイエルン,bayern-munich,セルティック,celtic,,1,1,,,,,,2025/05/31
UCL-2024-25-PO-013,,UCL,2024-25,MD513,KPプレーオフ,,KP-PO 2nd leg,2025/2/20,ドルトムント,borussia-dortmund,スポルティングCP,sporting,,0,0,,,,,,2025/05/31
UCL-2024-25-PO-014,,UCL,2024-25,MD514,KPプレーオフ,,KP-PO 2nd leg,2025/2/20,レアル・マドリード,real-madrid,マンC,manchester-city,,3,1,,,,,,2025/05/31
UCL-2024-25-PO-015,,UCL,2024-25,MD515,KPプレーオフ,,KP-PO 2nd leg,2025/2/20,パリSG,paris-saint-germain,ブレスト,brest,,7,0,,,,,,2025/05/31
UCL-2024-25-PO-016,,UCL,2024-25,MD516,KPプレーオフ,,KP-PO 2nd leg,2025/2/20,PSV,psv,ユヴェントス,juventus,,3,1,,,,,,2025/05/31
UCL-2024-25-R16-001,,UCL,2024-25,MD601,Round 16,,Round16 1st leg,2025/3/5,クラブ・ブルッヘ,club-brugge,アストン・ビラ,aston-villa,,1,3,,,,,,2025/05/31
UCL-2024-25-R16-002,,UCL,2024-25,MD602,Round 16,,Round16 1st leg,2025/3/5,レアル・マドリード,real-madrid,アトレティコ,atletico-madrid,,2,1,,,,,,2025/05/31
UCL-2024-25-R16-003,,UCL,2024-25,MD603,Round 16,,Round16 1st leg,2025/3/5,PSV,psv,アーセナル,arsenal,,1,7,,,,,,2025/05/31
UCL-2024-25-R16-004,,UCL,2024-25,MD604,Round 16,,Round16 1st leg,2025/3/5,ドルトムント,borussia-dortmund,リール,lille,,1,1,,,,,,2025/05/31
UCL-2024-25-R16-005,,UCL,2024-25,MD605,Round 16,,Round16 1st leg,2025/3/6,フェイエノールト,feyenoord,インテル,inter,,0,2,,,,,,2025/05/31
UCL-2024-25-R16-006,,UCL,2024-25,MD606,Round 16,,Round16 1st leg,2025/3/6,バイエルン,bayern-munich,レバークーゼン,bayer-leverkusen,,3,0,,,,,,2025/05/31
UCL-2024-25-R16-007,,UCL,2024-25,MD607,Round 16,,Round16 1st leg,2025/3/6,ベンフィカ,benfica,バルセロナ,barcelona,,0,1,,,,,,2025/05/31
UCL-2024-25-R16-008,,UCL,2024-25,MD608,Round 16,,Round16 1st leg,2025/3/6,パリSG,paris-saint-germain,リヴァプール,liverpool,,0,1,,,,,,2025/05/31
UCL-2024-25-R16-009,,UCL,2024-25,MD609,Round 16,,Round16 2nd leg,2025/3/12,バルセロナ,barcelona,ベンフィカ,benfica,,3,1,,,,,,2025/05/31
UCL-2024-25-R16-010,,UCL,2024-25,MD610,Round 16,,Round16 2nd leg,2025/3/12,インテル,inter,フェイエノールト,feyenoord,,2,1,,,,,,2025/05/31
UCL-2024-25-R16-011,,UCL,2024-25,MD611,Round 16,,Round16 2nd leg,2025/3/12,リヴァプール,liverpool,パリSG,paris-saint-germain,,0,1,1,4,,,,2025/05/31
UCL-2024-25-R16-012,,UCL,2024-25,MD612,Round 16,,Round16 2nd leg,2025/3/12,レバークーゼン,bayer-leverkusen,バイエルン,bayern-munich,,0,2,,,,,,2025/05/31
UCL-2024-25-R16-013,,UCL,2024-25,MD613,Round 16,,Round16 2nd leg,2025/3/13,リール,lille,ドルトムント,borussia-dortmund,,1,2,,,,,,2025/05/31
UCL-2024-25-R16-014,,UCL,2024-25,MD614,Round 16,,Round16 2nd leg,2025/3/13,アストン・ビラ,aston-villa,クラブ・ブルッヘ,club-brugge,,3,0,,,,,,2025/05/31
UCL-2024-25-R16-015,,UCL,2024-25,MD615,Round 16,,Round16 2nd leg,2025/3/13,アーセナル,arsenal,PSV,psv,,2,2,,,,,,2025/05/31
UCL-2024-25-R16-016,,UCL,2024-25,MD616,Round 16,,Round16 2nd leg,2025/3/13,アトレティコ,atletico-madrid,レアル・マドリード,real-madrid,,1,0,2,4,,,,2025/05/31
UCL-2024-25-R8-001,,UCL,2024-25,MD701,Quarter-Final,,準々決勝 1st leg,2025/4/9,バイエルン,bayern-munich,インテル,inter,,1,2,,,,,,2025/05/31
UCL-2024-25-R8-002,,UCL,2024-25,MD702,Quarter-Final,,準々決勝 1st leg,2025/4/9,アーセナル,arsenal,レアル・マドリード,real-madrid,,3,0,,,,,,2025/05/31
UCL-2024-25-R8-003,,UCL,2024-25,MD703,Quarter-Final,,準々決勝 1st leg,2025/4/10,バルセロナ,barcelona,ドルトムント,borussia-dortmund,,4,0,,,,,,2025/05/31
UCL-2024-25-R8-004,,UCL,2024-25,MD704,Quarter-Final,,準々決勝 1st leg,2025/4/10,パリSG,paris-saint-germain,アストン・ビラ,aston-villa,,3,1,,,,,,2025/05/31
UCL-2024-25-R8-005,,UCL,2024-25,MD705,Quarter-Final,,準々決勝 2nd leg,2025/4/16,アストン・ビラ,aston-villa,パリSG,paris-saint-germain,,3,2,,,,,,2025/05/31
UCL-2024-25-R8-006,,UCL,2024-25,MD706,Quarter-Final,,準々決勝 2nd leg,2025/4/16,ドルトムント,borussia-dortmund,バルセロナ,barcelona,,3,1,,,,,,2025/05/31
UCL-2024-25-R8-007,,UCL,2024-25,MD707,Quarter-Final,,準々決勝 2nd leg,2025/4/17,レアル・マドリード,real-madrid,アーセナル,arsenal,,1,2,,,,,,2025/05/31
UCL-2024-25-R8-008,,UCL,2024-25,MD708,Quarter-Final,,準々決勝 2nd leg,2025/4/17,インテル,inter,バイエルン,bayern-munich,,2,2,,,,,,2025/05/31
UCL-2024-25-SF001,,UCL,2024-25,MD801,Semi-Final,,準決勝 1st leg,2025/4/30,アーセナル,arsenal,パリSG,paris-saint-germain,,0,1,,,,,,2025/05/31
UCL-2024-25-SF002,,UCL,2024-25,MD802,Semi-Final,,準決勝 1st leg,2025/5/1,バルセロナ,barcelona,インテル,inter,,3,3,,,,,,2025/05/31
UCL-2024-25-SF003,,UCL,2024-25,MD803,Semi-Final,,準決勝 2nd leg,2025/5/7,インテル,inter,バルセロナ,barcelona,,4,3,,,,,,2025/05/31
UCL-2024-25-SF004,,UCL,2024-25,MD804,Semi-Final,,準決勝 2nd leg,2025/5/8,パリSG,paris-saint-germain,アーセナル,arsenal,,2,1,,,,,,2025/05/31
UCL-2024-25-F001,,UCL,2024-25,MD900,Final,,決勝,2025/6/1,パリSG,paris-saint-germain,インテル,inter,アリアンツ アレーナ,5,0,,,,,,2025/05/31
UCL-2025-26-LP-001,athletic-bilbao-vs-arsenal,UCL,2025-26,MD001,League Phase,,LP 第1節,2025-09-16,アスレティック・ビルバオ,athletic-bilbao,アーセナル,arsenal,,0,2,,,,,,2026/01/28
UCL-2025-26-LP-002,,UCL,2025-26,MD002,League Phase,,LP 第1節,2025-09-16,PSVアイントホーフェン,psv,ユニオンSG,saint-gilloise,,1,3,,,,,,2026/01/28
UCL-2025-26-LP-003,juventus-vs-borussia-dortmund,UCL,2025-26,MD003,League Phase,,LP 第1節,2025-09-16,ユヴェントス,juventus,ボルシア・ドルトムント,borussia-dortmund,,4,4,,,,,,2026/01/28
UCL-2025-26-LP-004,,UCL,2025-26,MD004,League Phase,,LP 第1節,2025-09-16,SLベンフィカ,benfica,カラバフ,karabakh,,2,3,,,,,,2026/01/28
UCL-2025-26-LP-005,tottenham-hotspur-vs-villarreal,UCL,2025-26,MD005,League Phase,,LP 第1節,2025-09-16,トッテナム・ホットスパー,tottenham-hotspur,ビジャレアルCF,villarreal,,1,0,,,,,,2026/01/28
UCL-2025-26-LP-006,real-madrid-vs-marseille,UCL,2025-26,MD006,League Phase,,LP 第1節,2025-09-16,レアル・マドリード,real-madrid,オリンピック・マルセイユ,marseille,,2,1,,,,,,2026/01/28
UCL-2025-26-LP-007,,UCL,2025-26,MD007,League Phase,,LP 第1節,2025-09-17,スラヴィア・プラハ,slavia-praha,ボデ/グリムト,bodo-glimt,,2,2,,,,,,2026/01/28
UCL-2025-26-LP-008,,UCL,2025-26,MD008,League Phase,,LP 第1節,2025-09-17,オリンピアコス,olympiacos,パフォス,pafos,,0,0,,,,,,2026/01/28
UCL-2025-26-LP-009,ajax-vs-inter,UCL,2025-26,MD009,League Phase,,LP 第1節,2025-09-17,アヤックス・アムステルダム,ajax,インテル・ミラノ,inter,,0,2,,,,,,2026/01/28
UCL-2025-26-LP-010,liverpool-vs-atletico-madrid,UCL,2025-26,MD010,League Phase,,LP 第1節,2025-09-17,リヴァプール,liverpool,アトレティコ・マドリード,atletico-madrid,,3,2,,,,,,2026/01/28
UCL-2025-26-LP-011,paris-saint-germain-vs-atalanta,UCL,2025-26,MD011,League Phase,,LP 第1節,2025-09-17,パリ・サンジェルマン,paris-saint-germain,アタランタ,atalanta,,4,0,,,,,,2026/01/28
UCL-2025-26-LP-012,bayern-munich-vs-chelsea,UCL,2025-26,MD012,League Phase,,LP 第1節,2025-09-17,バイエルン・ミュンヘン,bayern-munich,チェルシー,chelsea,,3,1,,,,,,2026/01/28
UCL-2025-26-LP-013,,UCL,2025-26,MD013,League Phase,,LP 第1節,2025-09-18,コペンハーゲン,copenhagen,バイエル・レバークーゼン,bayer-leverkusen,,2,2,,,,,,2026/01/28
UCL-2025-26-LP-014,,UCL,2025-26,MD014,League Phase,,LP 第1節,2025-09-18,クラブ・ブルッヘ,club-brugge,ASモナコ,monaco,,4,1,,,,,,2026/01/28
UCL-2025-26-LP-015,newcastle-united-vs-barcelona,UCL,2025-26,MD015,League Phase,,LP 第1節,2025-09-18,ニューカッスル・ユナイテッド,newcastle-united,バルセロナ,barcelona,,1,2,,,,,,2026/01/28
UCL-2025-26-LP-016,manchester-city-vs-napoli,UCL,2025-26,MD016,League Phase,,LP 第1節,2025-09-18,マンチェスター・シティ,manchester-city,SSCナポリ,napoli,,2,0,,,,,,2026/01/28
UCL-2025-26-LP-017,,UCL,2025-26,MD017,League Phase,,LP 第1節,2025-09-18,アイントラハト・フランクフルト,eintracht-frankfurt,ガラタサライ,galatasaray,,5,1,,,,,,2026/01/28
UCL-2025-26-LP-018,,UCL,2025-26,MD018,League Phase,,LP 第1節,2025-09-18,スポルティングCP,sporting,カイラト,kairat,,4,1,,,,,,2026/01/28
UCL-2025-26-LP-019,,UCL,2025-26,MD019,League Phase,,LP 第2節,2025-09-30,アタランタ,atalanta,クラブ・ブルッヘ,club-brugge,,2,1,,,,,,2026/01/28
UCL-2025-26-LP-020,,UCL,2025-26,MD020,League Phase,,LP 第2節,2025-09-30,カイラト,kairat,レアル・マドリード,real-madrid,,0,5,,,,,,2026/01/28
UCL-2025-26-LP-021,,UCL,2025-26,MD021,League Phase,,LP 第2節,2025-09-30,ガラタサライ,galatasaray,リヴァプール,liverpool,,1,0,,,,,,2026/01/28
UCL-2025-26-LP-022,atletico-madrid-vs-eintracht-frankfurt,UCL,2025-26,MD022,League Phase,,LP 第2節,2025-09-30,アトレティコ・マドリード,atletico-madrid,アイントラハト・フランクフルト,eintracht-frankfurt,,5,1,,,,,,2026/01/28
UCL-2025-26-LP-023,marseille-vs-ajax,UCL,2025-26,MD023,League Phase,,LP 第2節,2025-09-30,オリンピック・マルセイユ,marseille,アヤックス・アムステルダム,ajax,,4,0,,,,,,2026/01/28
UCL-2025-26-LP-024,,UCL,2025-26,MD024,League Phase,,LP 第2節,2025-09-30,ボデ/グリムト,bodo-glimt,トッテナム・ホットスパー,tottenham-hotspur,,2,2,,,,,,2026/01/28
UCL-2025-26-LP-025,,UCL,2025-26,MD025,League Phase,,LP 第2節,2025-09-30,パフォス,pafos,バイエルン・ミュンヘン,bayern-munich,,1,5,,,,,,2026/01/28
UCL-2025-26-LP-026,chelsea-vs-benfica,UCL,2025-26,MD026,League Phase,,LP 第2節,2025-09-30,チェルシー,chelsea,SLベンフィカ,benfica,,1,0,,,,,,2026/01/28
UCL-2025-26-LP-027,,UCL,2025-26,MD027,League Phase,,LP 第2節,2025-09-30,インテル・ミラノ,inter,スラヴィア・プラハ,slavia-praha,,3,0,,,,,,2026/01/28
UCL-2025-26-LP-028,,UCL,2025-26,MD028,League Phase,,LP 第2節,2025-10-01,カラバフ,karabakh,コペンハーゲン,copenhagen,,2,0,,,,,,2026/01/28
UCL-2025-26-LP-029,,UCL,2025-26,MD029,League Phase,,LP 第2節,2025-10-01,ユニオンSG,saint-gilloise,ニューカッスル・ユナイテッド,newcastle-united,,0,4,,,,,,2026/01/28
UCL-2025-26-LP-030,borussia-dortmund-vs-athletic-bilbao,UCL,2025-26,MD030,League Phase,,LP 第2節,2025-10-01,ボルシア・ドルトムント,borussia-dortmund,アスレティック・ビルバオ,athletic-bilbao,,4,1,,,,,,2026/01/28
UCL-2025-26-LP-031,barcelona-vs-paris-saint-germain,UCL,2025-26,MD031,League Phase,,LP 第2節,2025-10-01,バルセロナ,barcelona,パリ・サンジェルマン,paris-saint-germain,,1,2,,,,,,2026/01/28
UCL-2025-26-LP-032,monaco-vs-manchester-city,UCL,2025-26,MD032,League Phase,,LP 第2節,2025-10-01,ASモナコ,monaco,マンチェスター・シティ,manchester-city,,2,2,,,,,,2026/01/28
UCL-2025-26-LP-033,bayer-leverkusen-vs-psv,UCL,2025-26,MD033,League Phase,,LP 第2節,2025-10-01,バイエル・レバークーゼン,bayer-leverkusen,PSVアイントホーフェン,psv,,1,1,,,,,,2026/01/28
UCL-2025-26-LP-034,,UCL,2025-26,MD034,League Phase,,LP 第2節,2025-10-01,アーセナル,arsenal,オリンピアコス,olympiacos,,2,0,,,,,,2026/01/28
UCL-2025-26-LP-035,villarreal-vs-juventus,UCL,2025-26,MD035,League Phase,,LP 第2節,2025-10-01,ビジャレアルCF,villarreal,ユヴェントス,juventus,,2,2,,,,,,2026/01/28
UCL-2025-26-LP-036,napoli-vs-sporting,UCL,2025-26,MD036,League Phase,,LP 第2節,2025-10-01,SSCナポリ,napoli,スポルティングCP,sporting,,2,1,,,,,,2026/01/28
UCL-2025-26-LP-037,,UCL,2025-26,MD037,League Phase,,LP 第3節,2025-10-21,バルセロナ,barcelona,オリンピアコス,olympiacos,,6,1,,,,,,2026/01/28
UCL-2025-26-LP-038,,UCL,2025-26,MD038,League Phase,,LP 第3節,2025-10-21,カイラト,kairat,パフォス,pafos,,0,0,,,,,,2026/01/28
UCL-2025-26-LP-039,,UCL,2025-26,MD039,League Phase,,LP 第3節,2025-10-21,ユニオンSG,saint-gilloise,インテル・ミラノ,inter,,0,4,,,,,,2026/01/28
UCL-2025-26-LP-040,,UCL,2025-26,MD040,League Phase,,LP 第3節,2025-10-21,コペンハーゲン,copenhagen,ボルシア・ドルトムント,borussia-dortmund,,2,4,,,,,,2026/01/28
UCL-2025-26-LP-041,bayer-leverkusen-vs-paris-saint-germain,UCL,2025-26,MD041,League Phase,,LP 第3節,2025-10-21,バイエル・レバークーゼン,bayer-leverkusen,パリ・サンジェルマン,paris-saint-germain,,2,7,,,,,,2026/01/28
UCL-2025-26-LP-042,villarreal-vs-manchester-city,UCL,2025-26,MD042,League Phase,,LP 第3節,2025-10-21,ビジャレアルCF,villarreal,マンチェスター・シティ,manchester-city,,0,2,,,,,,2026/01/28
UCL-2025-26-LP-043,arsenal-vs-atletico-madrid,UCL,2025-26,MD043,League Phase,,LP 第3節,2025-10-21,アーセナル,arsenal,アトレティコ・マドリード,atletico-madrid,,4,0,,,,,,2026/01/28
UCL-2025-26-LP-044,newcastle-united-vs-benfica,UCL,2025-26,MD044,League Phase,,LP 第3節,2025-10-21,ニューカッスル・ユナイテッド,newcastle-united,SLベンフィカ,benfica,,3,0,,,,,,2026/01/28
UCL-2025-26-LP-045,psv-vs-napoli,UCL,2025-26,MD045,League Phase,,LP 第3節,2025-10-21,PSVアイントホーフェン,psv,SSCナポリ,napoli,,6,2,,,,,,2026/01/28
UCL-2025-26-LP-046,,UCL,2025-26,MD046,League Phase,,LP 第3節,2025-10-22,ガラタサライ,galatasaray,ボデ/グリムト,bodo-glimt,,3,1,,,,,,2026/01/28
UCL-2025-26-LP-047,,UCL,2025-26,MD047,League Phase,,LP 第3節,2025-10-22,アスレティック・ビルバオ,athletic-bilbao,カラバフ,karabakh,,3,1,,,,,,2026/01/28
UCL-2025-26-LP-048,eintracht-frankfurt-vs-liverpool,UCL,2025-26,MD048,League Phase,,LP 第3節,2025-10-22,アイントラハト・フランクフルト,eintracht-frankfurt,リヴァプール,liverpool,,1,5,,,,,,2026/01/28
UCL-2025-26-LP-049,,UCL,2025-26,MD049,League Phase,,LP 第3節,2025-10-22,アタランタ,atalanta,スラヴィア・プラハ,slavia-praha,,0,0,,,,,,2026/01/28
UCL-2025-26-LP-050,sporting-vs-marseille,UCL,2025-26,MD050,League Phase,,LP 第3節,2025-10-22,スポルティングCP,sporting,オリンピック・マルセイユ,marseille,,2,1,,,,,,2026/01/28
UCL-2025-26-LP-051,monaco-vs-tottenham-hotspur,UCL,2025-26,MD051,League Phase,,LP 第3節,2025-10-22,ASモナコ,monaco,トッテナム・ホットスパー,tottenham-hotspur,,0,0,,,,,,2026/01/28
UCL-2025-26-LP-052,,UCL,2025-26,MD052,League Phase,,LP 第3節,2025-10-22,バイエルン・ミュンヘン,bayern-munich,クラブ・ブルッヘ,club-brugge,,4,0,,,,,,2026/01/28
UCL-2025-26-LP-053,chelsea-vs-ajax,UCL,2025-26,MD053,League Phase,,LP 第3節,2025-10-22,チェルシー,chelsea,アヤックス・アムステルダム,ajax,,5,1,,,,,,2026/01/28
UCL-2025-26-LP-054,real-madrid-vs-juventus,UCL,2025-26,MD054,League Phase,,LP 第3節,2025-10-22,レアル・マドリード,real-madrid,ユヴェントス,juventus,,1,0,,,,,,2026/01/28
UCL-2025-26-LP-055,,UCL,2025-26,MD055,League Phase,,LP 第4節,2025-11-04,スラヴィア・プラハ,slavia-praha,アーセナル,arsenal,,0,3,,,,,,2026/01/28
UCL-2025-26-LP-056,napoli-vs-eintracht-frankfurt,UCL,2025-26,MD056,League Phase,,LP 第4節,2025-11-04,SSCナポリ,napoli,アイントラハト・フランクフルト,eintracht-frankfurt,,0,0,,,,,,2026/01/28
UCL-2025-26-LP-057,juventus-vs-sporting,UCL,2025-26,MD057,League Phase,,LP 第4節,2025-11-04,ユヴェントス,juventus,スポルティングCP,sporting,,1,1,,,,,,2026/01/28
UCL-2025-26-LP-058,,UCL,2025-26,MD058,League Phase,,LP 第4節,2025-11-04,アトレティコ・マドリード,atletico-madrid,ユニオンSG,saint-gilloise,,3,1,,,,,,2026/01/28
UCL-2025-26-LP-059,,UCL,2025-26,MD059,League Phase,,LP 第4節,2025-11-04,トッテナム・ホットスパー,tottenham-hotspur,コペンハーゲン,copenhagen,,4,0,,,,,,2026/01/28
UCL-2025-26-LP-060,,UCL,2025-26,MD060,League Phase,,LP 第4節,2025-11-04,ボデ/グリムト,bodo-glimt,ASモナコ,monaco,,0,1,,,,,,2026/01/28
UCL-2025-26-LP-061,,UCL,2025-26,MD061,League Phase,,LP 第4節,2025-11-04,オリンピアコス,olympiacos,PSVアイントホーフェン,psv,,1,1,,,,,,2026/01/28
UCL-2025-26-LP-062,paris-saint-germain-vs-bayern-munich,UCL,2025-26,MD062,League Phase,,LP 第4節,2025-11-04,パリ・サンジェルマン,paris-saint-germain,バイエルン・ミュンヘン,bayern-munich,,1,2,,,,,,2026/01/28
UCL-2025-26-LP-063,liverpool-vs-real-madrid,UCL,2025-26,MD063,League Phase,,LP 第4節,2025-11-04,リヴァプール,liverpool,レアル・マドリード,real-madrid,,1,0,,,,,,2026/01/28
UCL-2025-26-LP-064,,UCL,2025-26,MD064,League Phase,,LP 第4節,2025-11-05,パフォス,pafos,ビジャレアルCF,villarreal,,1,0,,,,,,2026/01/28
UCL-2025-26-LP-065,,UCL,2025-26,MD065,League Phase,,LP 第4節,2025-11-05,カラバフ,karabakh,チェルシー,chelsea,,2,2,,,,,,2026/01/28
UCL-2025-26-LP-066,,UCL,2025-26,MD066,League Phase,,LP 第4節,2025-11-05,インテル・ミラノ,inter,カイラト,kairat,,2,1,,,,,,2026/01/28
UCL-2025-26-LP-067,manchester-city-vs-borussia-dortmund,UCL,2025-26,MD067,League Phase,,LP 第4節,2025-11-05,マンチェスター・シティ,manchester-city,ボルシア・ドルトムント,borussia-dortmund,,4,1,,,,,,2026/01/28
UCL-2025-26-LP-068,,UCL,2025-26,MD068,League Phase,,LP 第4節,2025-11-05,クラブ・ブルッヘ,club-brugge,バルセロナ,barcelona,,3,3,,,,,,2026/01/28
UCL-2025-26-LP-069,benfica-vs-bayer-leverkusen,UCL,2025-26,MD069,League Phase,,LP 第4節,2025-11-05,SLベンフィカ,benfica,バイエル・レバークーゼン,bayer-leverkusen,,0,1,,,,,,2026/01/28
UCL-2025-26-LP-070,marseille-vs-atalanta,UCL,2025-26,MD070,League Phase,,LP 第4節,2025-11-05,オリンピック・マルセイユ,marseille,アタランタ,atalanta,,0,1,,,,,,2026/01/28
UCL-2025-26-LP-071,,UCL,2025-26,MD071,League Phase,,LP 第4節,2025-11-05,アヤックス・アムステルダム,ajax,ガラタサライ,galatasaray,,0,3,,,,,,2026/01/28
UCL-2025-26-LP-072,newcastle-united-vs-athletic-bilbao,UCL,2025-26,MD072,League Phase,,LP 第4節,2025-11-05,ニューカッスル・ユナイテッド,newcastle-united,アスレティック・ビルバオ,athletic-bilbao,,2,0,,,,,,2026/01/28
UCL-2025-26-LP-073,ajax-vs-benfica,UCL,2025-26,MD073,League Phase,,LP 第5節,2025-11-25,アヤックス・アムステルダム,ajax,SLベンフィカ,benfica,,0,2,,,,,,2026/01/28
UCL-2025-26-LP-074,,UCL,2025-26,MD074,League Phase,,LP 第5節,2025-11-25,ガラタサライ,galatasaray,ユニオンSG,saint-gilloise,,0,1,,,,,,2026/01/28
UCL-2025-26-LP-075,borussia-dortmund-vs-villarreal,UCL,2025-26,MD075,League Phase,,LP 第5節,2025-11-25,ボルシア・ドルトムント,borussia-dortmund,ビジャレアルCF,villarreal,,4,0,,,,,,2026/01/28
UCL-2025-26-LP-076,manchester-city-vs-bayer-leverkusen,UCL,2025-26,MD076,League Phase,,LP 第5節,2025-11-25,マンチェスター・シティ,manchester-city,バイエル・レバークーゼン,bayer-leverkusen,,0,2,,,,,,2026/01/28
UCL-2025-26-LP-077,,UCL,2025-26,MD077,League Phase,,LP 第5節,2025-11-25,ボデ/グリムト,bodo-glimt,ユヴェントス,juventus,,2,3,,,,,,2026/01/28
UCL-2025-26-LP-078,marseille-vs-newcastle-united,UCL,2025-26,MD078,League Phase,,LP 第5節,2025-11-25,オリンピック・マルセイユ,marseille,ニューカッスル・ユナイテッド,newcastle-united,,2,1,,,,,,2026/01/28
UCL-2025-26-LP-079,,UCL,2025-26,MD079,League Phase,,LP 第5節,2025-11-25,スラヴィア・プラハ,slavia-praha,アスレティック・ビルバオ,athletic-bilbao,,0,0,,,,,,2026/01/28
UCL-2025-26-LP-080,,UCL,2025-26,MD080,League Phase,,LP 第5節,2025-11-25,SSCナポリ,napoli,カラバフ,karabakh,,2,0,,,,,,2026/01/28
UCL-2025-26-LP-081,chelsea-vs-barcelona,UCL,2025-26,MD081,League Phase,,LP 第5節,2025-11-25,チェルシー,chelsea,バルセロナ,barcelona,,3,0,,,,,,2026/01/28
UCL-2025-26-LP-082,,UCL,2025-26,MD082,League Phase,,LP 第5節,2025-11-26,パフォス,pafos,ASモナコ,monaco,,2,2,,,,,,2026/01/28
UCL-2025-26-LP-083,,UCL,2025-26,MD083,League Phase,,LP 第5節,2025-11-26,コペンハーゲン,copenhagen,カイラト,kairat,,3,2,,,,,,2026/01/28
UCL-2025-26-LP-084,liverpool-vs-psv,UCL,2025-26,MD084,League Phase,,LP 第5節,2025-11-26,リヴァプール,liverpool,PSVアイントホーフェン,psv,,1,4,,,,,,2026/01/28
UCL-2025-26-LP-085,paris-saint-germain-vs-tottenham-hotspur,UCL,2025-26,MD085,League Phase,,LP 第5節,2025-11-26,パリ・サンジェルマン,paris-saint-germain,トッテナム・ホットスパー,tottenham-hotspur,,5,3,,,,,,2026/01/28
UCL-2025-26-LP-086,eintracht-frankfurt-vs-atalanta,UCL,2025-26,MD086,League Phase,,LP 第5節,2025-11-26,アイントラハト・フランクフルト,eintracht-frankfurt,アタランタ,atalanta,,0,3,,,,,,2026/01/28
UCL-2025-26-LP-087,,UCL,2025-26,MD087,League Phase,,LP 第5節,2025-11-26,スポルティングCP,sporting,クラブ・ブルッヘ,club-brugge,,3,0,,,,,,2026/01/28
UCL-2025-26-LP-088,arsenal-vs-bayern-munich,UCL,2025-26,MD088,League Phase,,LP 第5節,2025-11-26,アーセナル,arsenal,バイエルン・ミュンヘン,bayern-munich,,3,1,,,,,,2026/01/28
UCL-2025-26-LP-089,,UCL,2025-26,MD089,League Phase,,LP 第5節,2025-11-26,オリンピアコス,olympiacos,レアル・マドリード,real-madrid,,3,4,,,,,,2026/01/28
UCL-2025-26-LP-090,atletico-madrid-vs-inter,UCL,2025-26,MD090,League Phase,,LP 第5節,2025-11-26,アトレティコ・マドリード,atletico-madrid,インテル・ミラノ,inter,,2,1,,,,,,2026/01/28
UCL-2025-26-LP-091,,UCL,2025-26,MD091,League Phase,,LP 第6節,2025-12-09,カイラト,kairat,オリンピアコス,olympiacos,,0,1,,,,,,2026/01/28
UCL-2025-26-LP-092,bayern-munich-vs-sporting,UCL,2025-26,MD092,League Phase,,LP 第6節,2025-12-09,バイエルン・ミュンヘン,bayern-munich,スポルティングCP,sporting,,3,1,,,,,,2026/01/28
UCL-2025-26-LP-093,barcelona-vs-eintracht-frankfurt,UCL,2025-26,MD093,League Phase,,LP 第6節,2025-12-09,バルセロナ,barcelona,アイントラハト・フランクフルト,eintracht-frankfurt,,2,1,,,,,,2026/01/28
UCL-2025-26-LP-094,psv-vs-atletico-madrid,UCL,2025-26,MD094,League Phase,,LP 第6節,2025-12-09,PSVアイントホーフェン,psv,アトレティコ・マドリード,atletico-madrid,,2,3,,,,,,2026/01/28
UCL-2025-26-LP-095,,UCL,2025-26,MD095,League Phase,,LP 第6節,2025-12-09,ユニオンSG,saint-gilloise,オリンピック・マルセイユ,marseille,,2,3,,,,,,2026/01/28
UCL-2025-26-LP-096,,UCL,2025-26,MD096,League Phase,,LP 第6節,2025-12-09,トッテナム・ホットスパー,tottenham-hotspur,スラヴィア・プラハ,slavia-praha,,3,0,,,,,,2026/01/28
UCL-2025-26-LP-097,,UCL,2025-26,MD097,League Phase,,LP 第6節,2025-12-09,ASモナコ,monaco,ガラタサライ,galatasaray,,1,0,,,,,,2026/01/28
UCL-2025-26-LP-098,atalanta-vs-chelsea,UCL,2025-26,MD098,League Phase,,LP 第6節,2025-12-09,アタランタ,atalanta,チェルシー,chelsea,,2,1,,,,,,2026/01/28
UCL-2025-26-LP-099,inter-vs-liverpool,UCL,2025-26,MD099,League Phase,,LP 第6節,2025-12-09,インテル・ミラノ,inter,リヴァプール,liverpool,,0,1,,,,,,2026/01/28
UCL-2025-26-LP-100,,UCL,2025-26,MD100,League Phase,,LP 第6節,2025-12-10,ビジャレアルCF,villarreal,コペンハーゲン,copenhagen,,2,3,,,,,,2026/01/28
UCL-2025-26-LP-101,,UCL,2025-26,MD101,League Phase,,LP 第6節,2025-12-10,カラバフ,karabakh,アヤックス・アムステルダム,ajax,,2,4,,,,,,2026/01/28
UCL-2025-26-LP-102,,UCL,2025-26,MD102,League Phase,,LP 第6節,2025-12-10,ボルシア・ドルトムント,borussia-dortmund,ボデ/グリムト,bodo-glimt,,2,2,,,,,,2026/01/28
UCL-2025-26-LP-103,athletic-bilbao-vs-paris-saint-germain,UCL,2025-26,MD103,League Phase,,LP 第6節,2025-12-10,アスレティック・ビルバオ,athletic-bilbao,パリ・サンジェルマン,paris-saint-germain,,0,0,,,,,,2026/01/28
UCL-2025-26-LP-104,bayer-leverkusen-vs-newcastle-united,UCL,2025-26,MD104,League Phase,,LP 第6節,2025-12-10,バイエル・レバークーゼン,bayer-leverkusen,ニューカッスル・ユナイテッド,newcastle-united,,2,2,,,,,,2026/01/28
UCL-2025-26-LP-105,,UCL,2025-26,MD105,League Phase,,LP 第6節,2025-12-10,クラブ・ブルッヘ,club-brugge,アーセナル,arsenal,,0,3,,,,,,2026/01/28
UCL-2025-26-LP-106,benfica-vs-napoli,UCL,2025-26,MD106,League Phase,,LP 第6節,2025-12-10,SLベンフィカ,benfica,SSCナポリ,napoli,,2,0,,,,,,2026/01/28
UCL-2025-26-LP-107,,UCL,2025-26,MD107,League Phase,,LP 第6節,2025-12-10,ユヴェントス,juventus,パフォス,pafos,,2,0,,,,,,2026/01/28
UCL-2025-26-LP-108,real-madrid-vs-manchester-city,UCL,2025-26,MD108,League Phase,,LP 第6節,2025-12-10,レアル・マドリード,real-madrid,マンチェスター・シティ,manchester-city,,1,2,,,,,,2026/01/28
UCL-2025-26-LP-109,,UCL,2025-26,MD109,League Phase,,LP 第7節,2026-01-20,カイラト,kairat,クラブ・ブルッヘ,club-brugge,,1,4,,,,,,2026/01/28
UCL-2025-26-LP-110,,UCL,2025-26,MD110,League Phase,,LP 第7節,2026-01-20,ボデ/グリムト,bodo-glimt,マンチェスター・シティ,manchester-city,,3,1,,,,,,2026/01/28
UCL-2025-26-LP-111,tottenham-hotspur-vs-borussia-dortmund,UCL,2025-26,MD111,League Phase,,LP 第7節,2026-01-20,トッテナム・ホットスパー,tottenham-hotspur,ボルシア・ドルトムント,borussia-dortmund,,2,0,,,,,,2026/01/28
UCL-2025-26-LP-112,sporting-vs-paris-saint-germain,UCL,2025-26,MD112,League Phase,,LP 第7節,2026-01-20,スポルティングCP,sporting,パリ・サンジェルマン,paris-saint-germain,,2,1,,,,,,2026/01/28
UCL-2025-26-LP-113,,UCL,2025-26,MD113,League Phase,,LP 第7節,2026-01-20,オリンピアコス,olympiacos,バイエル・レバークーゼン,bayer-leverkusen,,2,0,,,,,,2026/01/28
UCL-2025-26-LP-114,villarreal-vs-ajax,UCL,2025-26,MD114,League Phase,,LP 第7節,2026-01-20,ビジャレアルCF,villarreal,アヤックス・アムステルダム,ajax,,1,2,,,,,,2026/01/28
UCL-2025-26-LP-115,,UCL,2025-26,MD115,League Phase,,LP 第7節,2026-01-20,コペンハーゲン,copenhagen,SSCナポリ,napoli,,1,1,,,,,,2026/01/28
UCL-2025-26-LP-116,real-madrid-vs-monaco,UCL,2025-26,MD116,League Phase,,LP 第7節,2026-01-20,レアル・マドリード,real-madrid,ASモナコ,monaco,,6,1,,,,,,2026/01/28
UCL-2025-26-LP-117,inter-vs-arsenal,UCL,2025-26,MD117,League Phase,,LP 第7節,2026-01-20,インテル・ミラノ,inter,アーセナル,arsenal,,1,3,,,,,,2026/01/28
UCL-2025-26-LP-118,,UCL,2025-26,MD118,League Phase,,LP 第7節,2026-01-21,カラバフ,karabakh,アイントラハト・フランクフルト,eintracht-frankfurt,,3,2,,,,,,2026/01/28
UCL-2025-26-LP-119,,UCL,2025-26,MD119,League Phase,,LP 第7節,2026-01-21,ガラタサライ,galatasaray,アトレティコ・マドリード,atletico-madrid,,1,1,,,,,,2026/01/28
UCL-2025-26-LP-120,marseille-vs-liverpool,UCL,2025-26,MD120,League Phase,,LP 第7節,2026-01-21,オリンピック・マルセイユ,marseille,リヴァプール,liverpool,,0,3,,,,,,2026/01/28
UCL-2025-26-LP-121,,UCL,2025-26,MD121,League Phase,,LP 第7節,2026-01-21,スラヴィア・プラハ,slavia-praha,バルセロナ,barcelona,,2,4,,,,,,2026/01/28
UCL-2025-26-LP-122,atalanta-vs-athletic-bilbao,UCL,2025-26,MD122,League Phase,,LP 第7節,2026-01-21,アタランタ,atalanta,アスレティック・ビルバオ,athletic-bilbao,,2,3,,,,,,2026/01/28
UCL-2025-26-LP-123,juventus-vs-benfica,UCL,2025-26,MD123,League Phase,,LP 第7節,2026-01-21,ユヴェントス,juventus,SLベンフィカ,benfica,,2,0,,,,,,2026/01/28
UCL-2025-26-LP-124,newcastle-united-vs-psv,UCL,2025-26,MD124,League Phase,,LP 第7節,2026-01-21,ニューカッスル・ユナイテッド,newcastle-united,PSVアイントホーフェン,psv,,3,0,,,,,,2026/01/28
UCL-2025-26-LP-125,,UCL,2025-26,MD125,League Phase,,LP 第7節,2026-01-21,バイエルン・ミュンヘン,bayern-munich,ユニオンSG,saint-gilloise,,2,0,,,,,,2026/01/28
UCL-2025-26-LP-126,,UCL,2025-26,MD126,League Phase,,LP 第7節,2026-01-21,チェルシー,chelsea,パフォス,pafos,,1,0,,,,,,2026/01/28
UCL-2025-26-LP-127,,UCL,2025-26,MD127,League Phase,,LP 第8節,2026-01-28,リヴァプール,liverpool,カラバフ,karabakh,,6,0,,,,,,2026/01/28
UCL-2025-26-LP-128,,UCL,2025-26,MD128,League Phase,,LP 第8節,2026-01-28,バルセロナ,barcelona,コペンハーゲン,copenhagen,,4,1,,,,,,2026/01/28
UCL-2025-26-LP-129,,UCL,2025-26,MD129,League Phase,,LP 第8節,2026-01-28,マンチェスター・シティ,manchester-city,ガラタサライ,galatasaray,,2,0,,,,,,2026/01/28
UCL-2025-26-LP-130,bayer-leverkusen-vs-villarreal,UCL,2025-26,MD130,League Phase,,LP 第8節,2026-01-28,バイエル・レバークーゼン,bayer-leverkusen,ビジャレアルCF,villarreal,,3,0,,,,,,2026/01/28
UCL-2025-26-LP-131,,UCL,2025-26,MD131,League Phase,,LP 第8節,2026-01-28,アーセナル,arsenal,カイラト,kairat,,3,2,,,,,,2026/01/28
UCL-2025-26-LP-132,,UCL,2025-26,MD132,League Phase,,LP 第8節,2026-01-28,ユニオンSG,saint-gilloise,アタランタ,atalanta,,1,0,,,,,,2026/01/28
UCL-2025-26-LP-133,,UCL,2025-26,MD133,League Phase,,LP 第8節,2026-01-28,クラブ・ブルッヘ,club-brugge,オリンピック・マルセイユ,marseille,,3,0,,,,,,2026/01/28
UCL-2025-26-LP-134,eintracht-frankfurt-vs-tottenham-hotspur,UCL,2025-26,MD134,League Phase,,LP 第8節,2026-01-28,アイントラハト・フランクフルト,eintracht-frankfurt,トッテナム・ホットスパー,tottenham-hotspur,,0,2,,,,,,2026/01/28
UCL-2025-26-LP-135,monaco-vs-juventus,UCL,2025-26,MD135,League Phase,,LP 第8節,2026-01-28,ASモナコ,monaco,ユヴェントス,juventus,,0,0,,,,,,2026/01/28
UCL-2025-26-LP-136,,UCL,2025-26,MD136,League Phase,,LP 第8節,2026-01-28,アトレティコ・マドリード,atletico-madrid,ボデ/グリムト,bodo-glimt,,1,2,,,,,,2026/01/28
UCL-2025-26-LP-137,athletic-bilbao-vs-sporting,UCL,2025-26,MD137,League Phase,,LP 第8節,2026-01-28,アスレティック・ビルバオ,athletic-bilbao,スポルティングCP,sporting,,2,3,,,,,,2026/01/28
UCL-2025-26-LP-138,,UCL,2025-26,MD138,League Phase,,LP 第8節,2026-01-28,アヤックス・アムステルダム,ajax,オリンピアコス,olympiacos,,1,2,,,,,,2026/01/28
UCL-2025-26-LP-139,paris-saint-germain-vs-newcastle-united,UCL,2025-26,MD139,League Phase,,LP 第8節,2026-01-28,パリ・サンジェルマン,paris-saint-germain,ニューカッスル・ユナイテッド,newcastle-united,,1,1,,,,,,2026/01/28
UCL-2025-26-LP-140,,UCL,2025-26,MD140,League Phase,,LP 第8節,2026-01-28,パフォス,pafos,スラヴィア・プラハ,slavia-praha,,4,1,,,,,,2026/01/28
UCL-2025-26-LP-141,psv-vs-bayern-munich,UCL,2025-26,MD141,League Phase,,LP 第8節,2026-01-28,PSVアイントホーフェン,psv,バイエルン・ミュンヘン,bayern-munich,,1,2,,,,,,2026/01/28
UCL-2025-26-LP-142,napoli-vs-chelsea,UCL,2025-26,MD142,League Phase,,LP 第8節,2026-01-28,SSCナポリ,napoli,チェルシー,chelsea,,2,3,,,,,,2026/01/28
UCL-2025-26-LP-143,benfica-vs-real-madrid,UCL,2025-26,MD143,League Phase,,LP 第8節,2026-01-28,SLベンフィカ,benfica,レアル・マドリード,real-madrid,,4,2,,,,,,2026/01/28
UCL-2025-26-LP-144,borussia-dortmund-vs-inter,UCL,2025-26,MD144,League Phase,,LP 第8節,2026-01-28,ボルシア・ドルトムント,borussia-dortmund,インテル・ミラノ,inter,,0,2,,,,,,2026/01/28
,,,,,,,,,,,,,,,,,,,,,
UCL-2024-25-LP-001,young-boys-vs-aston-villa,UCL,2024-25,MD001,League Phase,,LP 第1節,2024-09-17,ヤングボーイズ,young-boys,アストン・ヴィラ,aston-villa,,0,3,,,,,,2025/01/29
UCL-2024-25-LP-002,juventus-vs-psv,UCL,2024-25,MD002,League Phase,,LP 第1節,2024-09-17,ユヴェントス,juventus,PSV,psv,,3,1,,,,,,2025/01/29
UCL-2024-25-LP-003,sporting-vs-lille,UCL,2024-25,MD003,League Phase,,LP 第1節,2024-09-17,スポルティングCP,sporting,リール,lille,,2,0,,,,,,2025/01/29
UCL-2024-25-LP-004,bayern-munich-vs-dinamo-zagreb,UCL,2024-25,MD004,League Phase,,LP 第1節,2024-09-17,バイエルン・ミュンヘン,bayern-munich,ディナモ・ザグレブ,dinamo-zagreb,,9,2,,,,,,2025/01/29
UCL-2024-25-LP-005,real-madrid-vs-stuttgart,UCL,2024-25,MD005,League Phase,,LP 第1節,2024-09-17,レアル・マドリード,real-madrid,シュトゥットガルト,stuttgart,,3,1,,,,,,2025/01/29
UCL-2024-25-LP-006,milan-vs-liverpool,UCL,2024-25,MD006,League Phase,,LP 第1節,2024-09-17,ミラン,milan,リヴァプール,liverpool,,1,3,,,,,,2025/01/29
UCL-2024-25-LP-007,bologna-vs-shakhtar-donetsk,UCL,2024-25,MD007,League Phase,,LP 第1節,2024-09-18,ボローニャ,bologna,シャフタール・ドネツク,shakhtar-donetsk,,0,0,,,,,,2025/01/29
UCL-2024-25-LP-008,sparta-praha-vs-salzburg,UCL,2024-25,MD008,League Phase,,LP 第1節,2024-09-18,スパルタ・プラハ,sparta-praha,ザルツブルク,salzburg,,3,0,,,,,,2025/01/29
UCL-2024-25-LP-009,manchester-city-vs-inter,UCL,2024-25,MD009,League Phase,,LP 第1節,2024-09-18,マンチェスター・シティ,manchester-city,インテル,inter,,0,0,,,,,,2025/01/29
UCL-2024-25-LP-010,paris-saint-germain-vs-girona,UCL,2024-25,MD010,League Phase,,LP 第1節,2024-09-18,パリ・サンジェルマン,paris-saint-germain,ジローナ,girona,,1,0,,,,,,2025/01/29
UCL-2024-25-LP-011,club-brugge-vs-borussia-dortmund,UCL,2024-25,MD011,League Phase,,LP 第1節,2024-09-18,クラブ・ブルッヘ,club-brugge,ボルシア・ドルトムント,borussia-dortmund,,0,3,,,,,,2025/01/29
UCL-2024-25-LP-012,celtic-vs-slovan-bratislava,UCL,2024-25,MD012,League Phase,,LP 第1節,2024-09-18,セルティック,celtic,スロヴァン・ブラチスラヴァ,slovan-bratislava,,5,1,,,,,,2025/01/29
UCL-2024-25-LP-013,feyenoord-vs-bayer-leverkusen,UCL,2024-25,MD013,League Phase,,LP 第1節,2024-09-19,フェイエノールト,feyenoord,バイエル・レバークーゼン,bayer-leverkusen,,0,4,,,,,,2025/01/29
UCL-2024-25-LP-014,crvena-zvezda-vs-benfica,UCL,2024-25,MD014,League Phase,,LP 第1節,2024-09-19,ツルヴェナ・ズヴェズダ,crvena-zvezda,ベンフィカ,benfica,,1,2,,,,,,2025/01/29
UCL-2024-25-LP-015,monaco-vs-barcelona,UCL,2024-25,MD015,League Phase,,LP 第1節,2024-09-19,モナコ,monaco,バルセロナ,barcelona,,2,1,,,,,,2025/01/29
UCL-2024-25-LP-016,brest-vs-sturm-graz,UCL,2024-25,MD016,League Phase,,LP 第1節,2024-09-19,ブレスト,brest,シュトゥルム・グラーツ,sturm-graz,,2,1,,,,,,2025/01/29
UCL-2024-25-LP-017,atalanta-vs-arsenal,UCL,2024-25,MD017,League Phase,,LP 第1節,2024-09-19,アタランタ,atalanta,アーセナル,arsenal,,0,0,,,,,,2025/01/29
UCL-2024-25-LP-018,atletico-madrid-vs-rb-leipzig,UCL,2024-25,MD018,League Phase,,LP 第1節,2024-09-19,アトレティコ・マドリード,atletico-madrid,RBライプツィヒ,rb-leipzig,,2,1,,,,,,2025/01/29
UCL-2024-25-LP-019,stuttgart-vs-sparta-praha,UCL,2024-25,MD019,League Phase,,LP 第2節,2024-10-01,シュトゥットガルト,stuttgart,スパルタ・プラハ,sparta-praha,,1,1,,,,,,2025/01/29
UCL-2024-25-LP-020,salzburg-vs-brest,UCL,2024-25,MD020,League Phase,,LP 第2節,2024-10-01,ザルツブルク,salzburg,ブレスト,brest,,0,4,,,,,,2025/01/29
UCL-2024-25-LP-021,slovan-bratislava-vs-manchester-city,UCL,2024-25,MD021,League Phase,,LP 第2節,2024-10-01,スロヴァン・ブラチスラヴァ,slovan-bratislava,マンチェスター・シティ,manchester-city,,0,4,,,,,,2025/01/29
UCL-2024-25-LP-022,borussia-dortmund-vs-celtic,UCL,2024-25,MD022,League Phase,,LP 第2節,2024-10-01,ボルシア・ドルトムント,borussia-dortmund,セルティック,celtic,,7,1,,,,,,2025/01/29
UCL-2024-25-LP-023,barcelona-vs-young-boys,UCL,2024-25,MD023,League Phase,,LP 第2節,2024-10-01,バルセロナ,barcelona,ヤングボーイズ,young-boys,,5,0,,,,,,2025/01/29
UCL-2024-25-LP-024,inter-vs-crvena-zvezda,UCL,2024-25,MD024,League Phase,,LP 第2節,2024-10-01,インテル,inter,ツルヴェナ・ズヴェズダ,crvena-zvezda,,4,0,,,,,,2025/01/29
UCL-2024-25-LP-025,bayer-leverkusen-vs-milan,UCL,2024-25,MD025,League Phase,,LP 第2節,2024-10-01,バイエル・レバークーゼン,bayer-leverkusen,ミラン,milan,,1,0,,,,,,2025/01/29
UCL-2024-25-LP-026,arsenal-vs-paris-saint-germain,UCL,2024-25,MD026,League Phase,,LP 第2節,2024-10-01,アーセナル,arsenal,パリ・サンジェルマン,paris-saint-germain,,2,0,,,,,,2025/01/29
UCL-2024-25-LP-027,psv-vs-sporting,UCL,2024-25,MD027,League Phase,,LP 第2節,2024-10-01,PSV,psv,スポルティングCP,sporting,,1,1,,,,,,2025/01/29
UCL-2024-25-LP-028,girona-vs-feyenoord,UCL,2024-25,MD028,League Phase,,LP 第2節,2024-10-02,ジローナ,girona,フェイエノールト,feyenoord,,2,3,,,,,,2025/01/29
UCL-2024-25-LP-029,shakhtar-donetsk-vs-atalanta,UCL,2024-25,MD029,League Phase,,LP 第2節,2024-10-02,シャフタール・ドネツク,shakhtar-donetsk,アタランタ,atalanta,,0,3,,,,,,2025/01/29
UCL-2024-25-LP-030,aston-villa-vs-bayern-munich,UCL,2024-25,MD030,League Phase,,LP 第2節,2024-10-02,アストン・ヴィラ,aston-villa,バイエルン・ミュンヘン,bayern-munich,,1,0,,,,,,2025/01/29
UCL-2024-25-LP-031,sturm-graz-vs-club-brugge,UCL,2024-25,MD031,League Phase,,LP 第2節,2024-10-02,シュトゥルム・グラーツ,sturm-graz,クラブ・ブルッヘ,club-brugge,,0,1,,,,,,2025/01/29
UCL-2024-25-LP-032,liverpool-vs-bologna,UCL,2024-25,MD032,League Phase,,LP 第2節,2024-10-02,リヴァプール,liverpool,ボローニャ,bologna,,2,0,,,,,,2025/01/29
UCL-2024-25-LP-033,rb-leipzig-vs-juventus,UCL,2024-25,MD033,League Phase,,LP 第2節,2024-10-02,RBライプツィヒ,rb-leipzig,ユヴェントス,juventus,,2,3,,,,,,2025/01/29
UCL-2024-25-LP-034,benfica-vs-atletico-madrid,UCL,2024-25,MD034,League Phase,,LP 第2節,2024-10-02,ベンフィカ,benfica,アトレティコ・マドリード,atletico-madrid,,4,0,,,,,,2025/01/29
UCL-2024-25-LP-035,dinamo-zagreb-vs-monaco,UCL,2024-25,MD035,League Phase,,LP 第2節,2024-10-02,ディナモ・ザグレブ,dinamo-zagreb,モナコ,monaco,,2,2,,,,,,2025/01/29
UCL-2024-25-LP-036,lille-vs-real-madrid,UCL,2024-25,MD036,League Phase,,LP 第2節,2024-10-02,リール,lille,レアル・マドリード,real-madrid,,1,0,,,,,,2025/01/29
UCL-2024-25-LP-037,monaco-vs-crvena-zvezda,UCL,2024-25,MD037,League Phase,,LP 第3節,2024-10-22,モナコ,monaco,ツルヴェナ・ズヴェズダ,crvena-zvezda,,5,1,,,,,,2025/01/29
UCL-2024-25-LP-038,milan-vs-club-brugge,UCL,2024-25,MD038,League Phase,,LP 第3節,2024-10-22,ミラン,milan,クラブ・ブルッヘ,club-brugge,,3,1,,,,,,2025/01/29
UCL-2024-25-LP-039,aston-villa-vs-bologna,UCL,2024-25,MD039,League Phase,,LP 第3節,2024-10-22,アストン・ヴィラ,aston-villa,ボローニャ,bologna,,2,0,,,,,,2025/01/29
UCL-2024-25-LP-040,girona-vs-slovan-bratislava,UCL,2024-25,MD040,League Phase,,LP 第3節,2024-10-22,ジローナ,girona,スロヴァン・ブラチスラヴァ,slovan-bratislava,,2,0,,,,,,2025/01/29
UCL-2024-25-LP-041,sturm-graz-vs-sporting,UCL,2024-25,MD041,League Phase,,LP 第3節,2024-10-22,シュトゥルム・グラーツ,sturm-graz,スポルティングCP,sporting,,0,2,,,,,,2025/01/29
UCL-2024-25-LP-042,paris-saint-germain-vs-psv,UCL,2024-25,MD042,League Phase,,LP 第3節,2024-10-22,パリ・サンジェルマン,paris-saint-germain,PSV,psv,,1,1,,,,,,2025/01/29
UCL-2024-25-LP-043,real-madrid-vs-borussia-dortmund,UCL,2024-25,MD043,League Phase,,LP 第3節,2024-10-22,レアル・マドリード,real-madrid,ボルシア・ドルトムント,borussia-dortmund,,5,2,,,,,,2025/01/29
UCL-2024-25-LP-044,arsenal-vs-shakhtar-donetsk,UCL,2024-25,MD044,League Phase,,LP 第3節,2024-10-22,アーセナル,arsenal,シャフタール・ドネツク,shakhtar-donetsk,,1,0,,,,,,2025/01/29
UCL-2024-25-LP-045,juventus-vs-stuttgart,UCL,2024-25,MD045,League Phase,,LP 第3節,2024-10-22,ユヴェントス,juventus,シュトゥットガルト,stuttgart,,0,1,,,,,,2025/01/29
UCL-2024-25-LP-046,brest-vs-bayer-leverkusen,UCL,2024-25,MD046,League Phase,,LP 第3節,2024-10-23,ブレスト,brest,バイエル・レバークーゼン,bayer-leverkusen,,1,1,,,,,,2025/01/29
UCL-2024-25-LP-047,atalanta-vs-celtic,UCL,2024-25,MD047,League Phase,,LP 第3節,2024-10-23,アタランタ,atalanta,セルティック,celtic,,0,0,,,,,,2025/01/29
UCL-2024-25-LP-048,young-boys-vs-inter,UCL,2024-25,MD048,League Phase,,LP 第3節,2024-10-23,ヤングボーイズ,young-boys,インテル,inter,,0,1,,,,,,2025/01/29
UCL-2024-25-LP-049,barcelona-vs-bayern-munich,UCL,2024-25,MD049,League Phase,,LP 第3節,2024-10-23,バルセロナ,barcelona,バイエルン・ミュンヘン,bayern-munich,,4,1,,,,,,2025/01/29
UCL-2024-25-LP-050,manchester-city-vs-sparta-praha,UCL,2024-25,MD050,League Phase,,LP 第3節,2024-10-23,マンチェスター・シティ,manchester-city,スパルタ・プラハ,sparta-praha,,5,0,,,,,,2025/01/29
UCL-2024-25-LP-051,rb-leipzig-vs-liverpool,UCL,2024-25,MD051,League Phase,,LP 第3節,2024-10-23,RBライプツィヒ,rb-leipzig,リヴァプール,liverpool,,0,1,,,,,,2025/01/29
UCL-2024-25-LP-052,atletico-madrid-vs-lille,UCL,2024-25,MD052,League Phase,,LP 第3節,2024-10-23,アトレティコ・マドリード,atletico-madrid,リール,lille,,1,3,,,,,,2025/01/29
UCL-2024-25-LP-053,benfica-vs-feyenoord,UCL,2024-25,MD053,League Phase,,LP 第3節,2024-10-23,ベンフィカ,benfica,フェイエノールト,feyenoord,,1,3,,,,,,2025/01/29
UCL-2024-25-LP-054,salzburg-vs-dinamo-zagreb,UCL,2024-25,MD054,League Phase,,LP 第3節,2024-10-23,ザルツブルク,salzburg,ディナモ・ザグレブ,dinamo-zagreb,,0,2,,,,,,2025/01/29
UCL-2024-25-LP-055,slovan-bratislava-vs-dinamo-zagreb,UCL,2024-25,MD055,League Phase,,LP 第4節,2024-11-05,スロヴァン・ブラチスラヴァ,slovan-bratislava,ディナモ・ザグレブ,dinamo-zagreb,,1,4,,,,,,2025/01/29
UCL-2024-25-LP-056,psv-vs-girona,UCL,2024-25,MD056,League Phase,,LP 第4節,2024-11-05,PSV,psv,ジローナ,girona,,4,0,,,,,,2025/01/29
UCL-2024-25-LP-057,sporting-vs-manchester-city,UCL,2024-25,MD057,League Phase,,LP 第4節,2024-11-05,スポルティングCP,sporting,マンチェスター・シティ,manchester-city,,4,1,,,,,,2025/01/29
UCL-2024-25-LP-058,bologna-vs-monaco,UCL,2024-25,MD058,League Phase,,LP 第4節,2024-11-05,ボローニャ,bologna,モナコ,monaco,,0,1,,,,,,2025/01/29
UCL-2024-25-LP-059,borussia-dortmund-vs-sturm-graz,UCL,2024-25,MD059,League Phase,,LP 第4節,2024-11-05,ボルシア・ドルトムント,borussia-dortmund,シュトゥルム・グラーツ,sturm-graz,,1,0,,,,,,2025/01/29
UCL-2024-25-LP-060,liverpool-vs-bayer-leverkusen,UCL,2024-25,MD060,League Phase,,LP 第4節,2024-11-05,リヴァプール,liverpool,バイエル・レバークーゼン,bayer-leverkusen,,4,0,,,,,,2025/01/29
UCL-2024-25-LP-061,real-madrid-vs-milan,UCL,2024-25,MD061,League Phase,,LP 第4節,2024-11-05,レアル・マドリード,real-madrid,ミラン,milan,,1,3,,,,,,2025/01/29
UCL-2024-25-LP-062,celtic-vs-rb-leipzig,UCL,2024-25,MD062,League Phase,,LP 第4節,2024-11-05,セルティック,celtic,RBライプツィヒ,rb-leipzig,,3,1,,,,,,2025/01/29
UCL-2024-25-LP-063,lille-vs-juventus,UCL,2024-25,MD063,League Phase,,LP 第4節,2024-11-05,リール,lille,ユヴェントス,juventus,,1,1,,,,,,2025/01/29
UCL-2024-25-LP-064,club-brugge-vs-aston-villa,UCL,2024-25,MD064,League Phase,,LP 第4節,2024-11-06,クラブ・ブルッヘ,club-brugge,アストン・ヴィラ,aston-villa,,1,0,,,,,,2025/01/29
UCL-2024-25-LP-065,shakhtar-donetsk-vs-young-boys,UCL,2024-25,MD065,League Phase,,LP 第4節,2024-11-06,シャフタール・ドネツク,shakhtar-donetsk,ヤングボーイズ,young-boys,,2,1,,,,,,2025/01/29
UCL-2024-25-LP-066,sparta-praha-vs-brest,UCL,2024-25,MD066,League Phase,,LP 第4節,2024-11-06,スパルタ・プラハ,sparta-praha,ブレスト,brest,,1,2,,,,,,2025/01/29
UCL-2024-25-LP-067,stuttgart-vs-atalanta,UCL,2024-25,MD067,League Phase,,LP 第4節,2024-11-06,シュトゥットガルト,stuttgart,アタランタ,atalanta,,0,2,,,,,,2025/01/29
UCL-2024-25-LP-068,inter-vs-arsenal,UCL,2024-25,MD068,League Phase,,LP 第4節,2024-11-06,インテル,inter,アーセナル,arsenal,,1,0,,,,,,2025/01/29
UCL-2024-25-LP-069,paris-saint-germain-vs-atletico-madrid,UCL,2024-25,MD069,League Phase,,LP 第4節,2024-11-06,パリ・サンジェルマン,paris-saint-germain,アトレティコ・マドリード,atletico-madrid,,1,2,,,,,,2025/01/29
UCL-2024-25-LP-070,feyenoord-vs-salzburg,UCL,2024-25,MD070,League Phase,,LP 第4節,2024-11-06,フェイエノールト,feyenoord,ザルツブルク,salzburg,,1,3,,,,,,2025/01/29
UCL-2024-25-LP-071,crvena-zvezda-vs-barcelona,UCL,2024-25,MD071,League Phase,,LP 第4節,2024-11-06,ツルヴェナ・ズヴェズダ,crvena-zvezda,バルセロナ,barcelona,,2,5,,,,,,2025/01/29
UCL-2024-25-LP-072,bayern-munich-vs-benfica,UCL,2024-25,MD072,League Phase,,LP 第4節,2024-11-06,バイエルン・ミュンヘン,bayern-munich,ベンフィカ,benfica,,1,0,,,,,,2025/01/29
UCL-2024-25-LP-073,slovan-bratislava-vs-milan,UCL,2024-25,MD073,League Phase,,LP 第5節,2024-11-26,スロヴァン・ブラチスラヴァ,slovan-bratislava,ミラン,milan,,2,3,,,,,,2025/01/29
UCL-2024-25-LP-074,sparta-praha-vs-atletico-madrid,UCL,2024-25,MD074,League Phase,,LP 第5節,2024-11-26,スパルタ・プラハ,sparta-praha,アトレティコ・マドリード,atletico-madrid,,0,6,,,,,,2025/01/29
UCL-2024-25-LP-075,sporting-vs-arsenal,UCL,2024-25,MD075,League Phase,,LP 第5節,2024-11-26,スポルティングCP,sporting,アーセナル,arsenal,,1,5,,,,,,2025/01/29
UCL-2024-25-LP-076,young-boys-vs-atalanta,UCL,2024-25,MD076,League Phase,,LP 第5節,2024-11-26,ヤングボーイズ,young-boys,アタランタ,atalanta,,1,6,,,,,,2025/01/29
UCL-2024-25-LP-077,bayern-munich-vs-paris-saint-germain,UCL,2024-25,MD077,League Phase,,LP 第5節,2024-11-26,バイエルン・ミュンヘン,bayern-munich,パリ・サンジェルマン,paris-saint-germain,,1,0,,,,,,2025/01/29
UCL-2024-25-LP-078,barcelona-vs-brest,UCL,2024-25,MD078,League Phase,,LP 第5節,2024-11-26,バルセロナ,barcelona,ブレスト,brest,,3,0,,,,,,2025/01/29
UCL-2024-25-LP-079,inter-vs-rb-leipzig,UCL,2024-25,MD079,League Phase,,LP 第5節,2024-11-26,インテル,inter,RBライプツィヒ,rb-leipzig,,1,0,,,,,,2025/01/29
UCL-2024-25-LP-080,manchester-city-vs-feyenoord,UCL,2024-25,MD080,League Phase,,LP 第5節,2024-11-26,マンチェスター・シティ,manchester-city,フェイエノールト,feyenoord,,3,3,,,,,,2025/01/29
UCL-2024-25-LP-081,bayer-leverkusen-vs-salzburg,UCL,2024-25,MD081,League Phase,,LP 第5節,2024-11-26,バイエル・レバークーゼン,bayer-leverkusen,ザルツブルク,salzburg,,5,0,,,,,,2025/01/29
UCL-2024-25-LP-082,sturm-graz-vs-girona,UCL,2024-25,MD082,League Phase,,LP 第5節,2024-11-27,シュトゥルム・グラーツ,sturm-graz,ジローナ,girona,,1,0,,,,,,2025/01/29
UCL-2024-25-LP-083,crvena-zvezda-vs-stuttgart,UCL,2024-25,MD083,League Phase,,LP 第5節,2024-11-27,ツルヴェナ・ズヴェズダ,crvena-zvezda,シュトゥットガルト,stuttgart,,5,1,,,,,,2025/01/29
UCL-2024-25-LP-084,monaco-vs-benfica,UCL,2024-25,MD084,League Phase,,LP 第5節,2024-11-27,モナコ,monaco,ベンフィカ,benfica,,2,3,,,,,,2025/01/29
UCL-2024-25-LP-085,aston-villa-vs-juventus,UCL,2024-25,MD085,League Phase,,LP 第5節,2024-11-27,アストン・ヴィラ,aston-villa,ユヴェントス,juventus,,0,0,,,,,,2025/01/29
UCL-2024-25-LP-086,bologna-vs-lille,UCL,2024-25,MD086,League Phase,,LP 第5節,2024-11-27,ボローニャ,bologna,リール,lille,,1,2,,,,,,2025/01/29
UCL-2024-25-LP-087,liverpool-vs-real-madrid,UCL,2024-25,MD087,League Phase,,LP 第5節,2024-11-27,リヴァプール,liverpool,レアル・マドリード,real-madrid,,2,0,,,,,,2025/01/29
UCL-2024-25-LP-088,celtic-vs-club-brugge,UCL,2024-25,MD088,League Phase,,LP 第5節,2024-11-27,セルティック,celtic,クラブ・ブルッヘ,club-brugge,,1,1,,,,,,2025/01/29
UCL-2024-25-LP-089,dinamo-zagreb-vs-borussia-dortmund,UCL,2024-25,MD089,League Phase,,LP 第5節,2024-11-27,ディナモ・ザグレブ,dinamo-zagreb,ボルシア・ドルトムント,borussia-dortmund,,0,3,,,,,,2025/01/29
UCL-2024-25-LP-090,psv-vs-shakhtar-donetsk,UCL,2024-25,MD090,League Phase,,LP 第5節,2024-11-27,PSV,psv,シャフタール・ドネツク,shakhtar-donetsk,,3,2,,,,,,2025/01/29
UCL-2024-25-LP-091,girona-vs-liverpool,UCL,2024-25,MD091,League Phase,,LP 第6節,2024-12-10,ジローナ,girona,リヴァプール,liverpool,,0,1,,,,,,2025/01/29
UCL-2024-25-LP-092,dinamo-zagreb-vs-celtic,UCL,2024-25,MD092,League Phase,,LP 第6節,2024-12-10,ディナモ・ザグレブ,dinamo-zagreb,セルティック,celtic,,0,0,,,,,,2025/01/29
UCL-2024-25-LP-093,brest-vs-psv,UCL,2024-25,MD093,League Phase,,LP 第6節,2024-12-10,ブレスト,brest,PSV,psv,,1,0,,,,,,2025/01/29
UCL-2024-25-LP-094,rb-leipzig-vs-aston-villa,UCL,2024-25,MD094,League Phase,,LP 第6節,2024-12-10,RBライプツィヒ,rb-leipzig,アストン・ヴィラ,aston-villa,,2,3,,,,,,2025/01/29
UCL-2024-25-LP-095,atalanta-vs-real-madrid,UCL,2024-25,MD095,League Phase,,LP 第6節,2024-12-10,アタランタ,atalanta,レアル・マドリード,real-madrid,,2,3,,,,,,2025/01/29
UCL-2024-25-LP-096,bayer-leverkusen-vs-inter,UCL,2024-25,MD096,League Phase,,LP 第6節,2024-12-10,バイエル・レバークーゼン,bayer-leverkusen,インテル,inter,,1,0,,,,,,2025/01/29
UCL-2024-25-LP-097,club-brugge-vs-sporting,UCL,2024-25,MD097,League Phase,,LP 第6節,2024-12-10,クラブ・ブルッヘ,club-brugge,スポルティングCP,sporting,,2,1,,,,,,2025/01/29
UCL-2024-25-LP-098,shakhtar-donetsk-vs-bayern-munich,UCL,2024-25,MD098,League Phase,,LP 第6節,2024-12-10,シャフタール・ドネツク,shakhtar-donetsk,バイエルン・ミュンヘン,bayern-munich,,1,5,,,,,,2025/01/29
UCL-2024-25-LP-099,salzburg-vs-paris-saint-germain,UCL,2024-25,MD099,League Phase,,LP 第6節,2024-12-10,ザルツブルク,salzburg,パリ・サンジェルマン,paris-saint-germain,,0,3,,,,,,2025/01/29
UCL-2024-25-LP-100,atletico-madrid-vs-slovan-bratislava,UCL,2024-25,MD100,League Phase,,LP 第6節,2024-12-11,アトレティコ・マドリード,atletico-madrid,スロヴァン・ブラチスラヴァ,slovan-bratislava,,3,1,,,,,,2025/01/29
UCL-2024-25-LP-101,lille-vs-sturm-graz,UCL,2024-25,MD101,League Phase,,LP 第6節,2024-12-11,リール,lille,シュトゥルム・グラーツ,sturm-graz,,3,2,,,,,,2025/01/29
UCL-2024-25-LP-102,stuttgart-vs-young-boys,UCL,2024-25,MD102,League Phase,,LP 第6節,2024-12-11,シュトゥットガルト,stuttgart,ヤングボーイズ,young-boys,,5,1,,,,,,2025/01/29
UCL-2024-25-LP-103,borussia-dortmund-vs-barcelona,UCL,2024-25,MD103,League Phase,,LP 第6節,2024-12-11,ボルシア・ドルトムント,borussia-dortmund,バルセロナ,barcelona,,2,3,,,,,,2025/01/29
UCL-2024-25-LP-104,milan-vs-crvena-zvezda,UCL,2024-25,MD104,League Phase,,LP 第6節,2024-12-11,ミラン,milan,ツルヴェナ・ズヴェズダ,crvena-zvezda,,2,1,,,,,,2025/01/29
UCL-2024-25-LP-105,benfica-vs-bologna,UCL,2024-25,MD105,League Phase,,LP 第6節,2024-12-11,ベンフィカ,benfica,ボローニャ,bologna,,0,0,,,,,,2025/01/29
UCL-2024-25-LP-106,arsenal-vs-monaco,UCL,2024-25,MD106,League Phase,,LP 第6節,2024-12-11,アーセナル,arsenal,モナコ,monaco,,3,0,,,,,,2025/01/29
UCL-2024-25-LP-107,juventus-vs-manchester-city,UCL,2024-25,MD107,League Phase,,LP 第6節,2024-12-11,ユヴェントス,juventus,マンチェスター・シティ,manchester-city,,2,0,,,,,,2025/01/29
UCL-2024-25-LP-108,feyenoord-vs-sparta-praha,UCL,2024-25,MD108,League Phase,,LP 第6節,2024-12-11,フェイエノールト,feyenoord,スパルタ・プラハ,sparta-praha,,4,2,,,,,,2025/01/29
UCL-2024-25-LP-109,monaco-vs-aston-villa,UCL,2024-25,MD109,League Phase,,LP 第7節,2025-01-21,モナコ,monaco,アストン・ヴィラ,aston-villa,,1,0,,,,,,2025/01/29
UCL-2024-25-LP-110,atalanta-vs-sturm-graz,UCL,2024-25,MD110,League Phase,,LP 第7節,2025-01-21,アタランタ,atalanta,シュトゥルム・グラーツ,sturm-graz,,5,0,,,,,,2025/01/29
UCL-2024-25-LP-111,bologna-vs-borussia-dortmund,UCL,2024-25,MD111,League Phase,,LP 第7節,2025-01-21,ボローニャ,bologna,ボルシア・ドルトムント,borussia-dortmund,,2,1,,,,,,2025/01/29
UCL-2024-25-LP-112,slovan-bratislava-vs-stuttgart,UCL,2024-25,MD112,League Phase,,LP 第7節,2025-01-21,スロヴァン・ブラチスラヴァ,slovan-bratislava,シュトゥットガルト,stuttgart,,1,3,,,,,,2025/01/29
UCL-2024-25-LP-113,liverpool-vs-lille,UCL,2024-25,MD113,League Phase,,LP 第7節,2025-01-21,リヴァプール,liverpool,リール,lille,,2,1,,,,,,2025/01/29
UCL-2024-25-LP-114,atletico-madrid-vs-bayer-leverkusen,UCL,2024-25,MD114,League Phase,,LP 第7節,2025-01-21,アトレティコ・マドリード,atletico-madrid,バイエル・レバークーゼン,bayer-leverkusen,,2,1,,,,,,2025/01/29
UCL-2024-25-LP-115,benfica-vs-barcelona,UCL,2024-25,MD115,League Phase,,LP 第7節,2025-01-21,ベンフィカ,benfica,バルセロナ,barcelona,,4,5,,,,,,2025/01/29
UCL-2024-25-LP-116,club-brugge-vs-juventus,UCL,2024-25,MD116,League Phase,,LP 第7節,2025-01-21,クラブ・ブルッヘ,club-brugge,ユヴェントス,juventus,,0,0,,,,,,2025/01/29
UCL-2024-25-LP-117,crvena-zvezda-vs-psv,UCL,2024-25,MD117,League Phase,,LP 第7節,2025-01-21,ツルヴェナ・ズヴェズダ,crvena-zvezda,PSV,psv,,2,3,,,,,,2025/01/29
UCL-2024-25-LP-118,rb-leipzig-vs-sporting,UCL,2024-25,MD118,League Phase,,LP 第7節,2025-01-22,RBライプツィヒ,rb-leipzig,スポルティングCP,sporting,,2,1,,,,,,2025/01/29
UCL-2024-25-LP-119,shakhtar-donetsk-vs-brest,UCL,2024-25,MD119,League Phase,,LP 第7節,2025-01-22,シャフタール・ドネツク,shakhtar-donetsk,ブレスト,brest,,2,0,,,,,,2025/01/29
UCL-2024-25-LP-120,sparta-praha-vs-inter,UCL,2024-25,MD120,League Phase,,LP 第7節,2025-01-22,スパルタ・プラハ,sparta-praha,インテル,inter,,0,1,,,,,,2025/01/29
UCL-2024-25-LP-121,paris-saint-germain-vs-manchester-city,UCL,2024-25,MD121,League Phase,,LP 第7節,2025-01-22,パリ・サンジェルマン,paris-saint-germain,マンチェスター・シティ,manchester-city,,4,2,,,,,,2025/01/29
UCL-2024-25-LP-122,real-madrid-vs-salzburg,UCL,2024-25,MD122,League Phase,,LP 第7節,2025-01-22,レアル・マドリード,real-madrid,ザルツブルク,salzburg,,5,1,,,,,,2025/01/29
UCL-2024-25-LP-123,milan-vs-girona,UCL,2024-25,MD123,League Phase,,LP 第7節,2025-01-22,ミラン,milan,ジローナ,girona,,1,0,,,,,,2025/01/29
UCL-2024-25-LP-124,arsenal-vs-dinamo-zagreb,UCL,2024-25,MD124,League Phase,,LP 第7節,2025-01-22,アーセナル,arsenal,ディナモ・ザグレブ,dinamo-zagreb,,3,0,,,,,,2025/01/29
UCL-2024-25-LP-125,celtic-vs-young-boys,UCL,2024-25,MD125,League Phase,,LP 第7節,2025-01-22,セルティック,celtic,ヤングボーイズ,young-boys,,1,0,,,,,,2025/01/29
UCL-2024-25-LP-126,feyenoord-vs-bayern-munich,UCL,2024-25,MD126,League Phase,,LP 第7節,2025-01-22,フェイエノールト,feyenoord,バイエルン・ミュンヘン,bayern-munich,,3,0,,,,,,2025/01/29
UCL-2024-25-LP-127,sporting-vs-bologna,UCL,2024-25,MD127,League Phase,,LP 第8節,2025-01-29,スポルティングCP,sporting,ボローニャ,bologna,,1,1,,,,,,2025/01/29
UCL-2024-25-LP-128,young-boys-vs-crvena-zvezda,UCL,2024-25,MD128,League Phase,,LP 第8節,2025-01-29,ヤングボーイズ,young-boys,ツルヴェナ・ズヴェズダ,crvena-zvezda,,0,1,,,,,,2025/01/29
UCL-2024-25-LP-129,aston-villa-vs-celtic,UCL,2024-25,MD129,League Phase,,LP 第8節,2025-01-29,アストン・ヴィラ,aston-villa,セルティック,celtic,,4,2,,,,,,2025/01/29
UCL-2024-25-LP-130,girona-vs-arsenal,UCL,2024-25,MD130,League Phase,,LP 第8節,2025-01-29,ジローナ,girona,アーセナル,arsenal,,1,2,,,,,,2025/01/29
UCL-2024-25-LP-131,brest-vs-real-madrid,UCL,2024-25,MD131,League Phase,,LP 第8節,2025-01-29,ブレスト,brest,レアル・マドリード,real-madrid,,0,3,,,,,,2025/01/29
UCL-2024-25-LP-132,sturm-graz-vs-rb-leipzig,UCL,2024-25,MD132,League Phase,,LP 第8節,2025-01-29,シュトゥルム・グラーツ,sturm-graz,RBライプツィヒ,rb-leipzig,,1,0,,,,,,2025/01/29
UCL-2024-25-LP-133,stuttgart-vs-paris-saint-germain,UCL,2024-25,MD133,League Phase,,LP 第8節,2025-01-29,シュトゥットガルト,stuttgart,パリ・サンジェルマン,paris-saint-germain,,1,4,,,,,,2025/01/29
UCL-2024-25-LP-134,bayern-munich-vs-slovan-bratislava,UCL,2024-25,MD134,League Phase,,LP 第8節,2025-01-29,バイエルン・ミュンヘン,bayern-munich,スロヴァン・ブラチスラヴァ,slovan-bratislava,,3,1,,,,,,2025/01/29
UCL-2024-25-LP-135,borussia-dortmund-vs-shakhtar-donetsk,UCL,2024-25,MD135,League Phase,,LP 第8節,2025-01-29,ボルシア・ドルトムント,borussia-dortmund,シャフタール・ドネツク,shakhtar-donetsk,,3,1,,,,,,2025/01/29
UCL-2024-25-LP-136,barcelona-vs-atalanta,UCL,2024-25,MD136,League Phase,,LP 第8節,2025-01-29,バルセロナ,barcelona,アタランタ,atalanta,,2,2,,,,,,2025/01/29
UCL-2024-25-LP-137,inter-vs-monaco,UCL,2024-25,MD137,League Phase,,LP 第8節,2025-01-29,インテル,inter,モナコ,monaco,,3,0,,,,,,2025/01/29
UCL-2024-25-LP-138,manchester-city-vs-club-brugge,UCL,2024-25,MD138,League Phase,,LP 第8節,2025-01-29,マンチェスター・シティ,manchester-city,クラブ・ブルッヘ,club-brugge,,3,1,,,,,,2025/01/29
UCL-2024-25-LP-139,bayer-leverkusen-vs-sparta-praha,UCL,2024-25,MD139,League Phase,,LP 第8節,2025-01-29,バイエル・レバークーゼン,bayer-leverkusen,スパルタ・プラハ,sparta-praha,,2,0,,,,,,2025/01/29
UCL-2024-25-LP-140,juventus-vs-benfica,UCL,2024-25,MD140,League Phase,,LP 第8節,2025-01-29,ユヴェントス,juventus,ベンフィカ,benfica,,0,2,,,,,,2025/01/29
UCL-2024-25-LP-141,dinamo-zagreb-vs-milan,UCL,2024-25,MD141,League Phase,,LP 第8節,2025-01-29,ディナモ・ザグレブ,dinamo-zagreb,ミラン,milan,,2,1,,,,,,2025/01/29
UCL-2024-25-LP-142,lille-vs-feyenoord,UCL,2024-25,MD142,League Phase,,LP 第8節,2025-01-29,リール,lille,フェイエノールト,feyenoord,,6,1,,,,,,2025/01/29
UCL-2024-25-LP-143,psv-vs-liverpool,UCL,2024-25,MD143,League Phase,,LP 第8節,2025-01-29,PSV,psv,リヴァプール,liverpool,,3,2,,,,,,2025/01/29
UCL-2024-25-LP-144,salzburg-vs-atletico-madrid,UCL,2024-25,MD144,League Phase,,LP 第8節,2025-01-29,ザルツブルク,salzburg,アトレティコ・マドリード,atletico-madrid,,1,4,,,,,,2025/01/29
